# 3ds Max Wavefront OBJ Exporter v0.99 - (c)2007 guruware
# File Created: 07.08.2026 13:53:20

mtllib campfire_modified.mtl

#
# object obj1
#

v  0.1839 1.6725 -0.1448
v  0.1764 1.5436 -0.1304
v  0.2526 1.6050 -0.1379
v  0.2733 1.6310 -0.1738
v  0.1806 1.7001 -0.1759
v  0.1050 1.6484 -0.1717
v  0.1511 1.6658 -0.2401
v  1.5543 0.1614 -0.2909
v  1.4907 0.0583 -0.2476
v  1.5035 0.0554 -0.3215
v  1.5271 0.1670 -0.2207
v  1.2661 0.1845 -0.1173
v  1.3881 0.3578 -0.2229
v  1.3635 0.3056 -0.1396
v  1.5086 0.1932 -0.4171
v  1.4426 0.0704 -0.4016
v  1.4334 0.0339 -0.3362
v  0.0808 1.6099 -0.2449
v  0.0662 1.5924 -0.2152
v  0.1679 1.5199 -0.2467
v  0.1435 1.5065 -0.2045
v  1.1980 0.1549 -0.2937
v  1.2186 0.2084 -0.3883
v  1.3276 0.3509 -0.4023
v  0.2460 1.5972 -0.2548
v  0.4471 1.4118 -0.3133
v  0.3097 1.3017 -0.2727
v  0.4872 1.4136 -0.1781
v  0.6348 1.1988 -0.3658
v  0.6321 1.1644 -0.1038
v  0.6697 1.2050 -0.2082
v  0.7921 0.9468 -0.1277
v  0.8416 0.9899 -0.2318
v  0.3199 1.3008 -0.0500
v  0.4811 1.0566 -0.0602
v  0.6369 0.8200 -0.0858
v  0.3955 1.0187 -0.2339
v  0.5515 0.7697 -0.2636
v  0.7489 0.5416 -0.2549
v  0.8111 0.5989 -0.1021
v  0.8022 0.5851 -0.3489
v  0.6076 0.8180 -0.3523
v  1.0046 0.3882 -0.3329
v  0.9688 0.3325 -0.2417
v  1.1338 0.5177 -0.3569
v  1.1927 0.5570 -0.1911
v  1.1515 0.5167 -0.1088
v  1.0223 0.3806 -0.0950
v  0.9620 0.7356 -0.1283
v  1.0160 0.7772 -0.2139
v  0.8107 0.9645 -0.3760
v  0.4537 1.0671 -0.3261
v  0.2477 1.2628 -0.1995
v  0.4763 1.4069 -0.0809
v  0.9731 0.7270 -0.3671
v  -1.6697 0.2337 -0.1528
v  -1.7178 0.1622 -0.2752
v  -1.7618 0.1671 -0.1935
v  -1.7510 0.1728 -0.0975
v  -1.6741 0.1580 -0.3522
v  -1.5314 0.1942 -0.3444
v  -1.6131 0.1469 -0.4181
v  -1.5447 -0.0208 -0.0001
v  -1.7394 0.0384 -0.0302
v  -1.7325 -0.0349 -0.0795
v  -1.7055 -0.0564 -0.1700
v  -1.4688 -0.0358 -0.0737
v  -1.5212 0.1313 0.0287
v  -1.4960 0.2043 -0.1116
v  -1.5768 0.2162 -0.0509
v  -1.5304 0.0594 0.0280
v  -1.7484 0.1295 -0.0177
v  -1.7369 0.2168 -0.0823
v  -1.6043 -0.0269 -0.3793
v  -1.7085 -0.0064 -0.3644
v  -1.6374 0.0033 -0.4302
v  -1.4613 0.0211 -0.4046
v  -1.4782 -0.0449 -0.3353
v  -1.6485 -0.0399 -0.3337
v  -1.4039 -0.0415 -0.2494
v  -1.7952 0.0655 -0.0794
v  -1.7774 -0.0180 -0.1921
v  -1.7687 -0.0274 -0.1088
v  -1.5646 0.2155 -0.2831
v  -1.4021 0.1849 -0.2838
v  -1.4827 0.1569 -0.4045
v  -1.3503 0.0346 -0.2393
v  -1.3624 0.1173 -0.1298
v  -1.3854 0.0376 -0.1429
v  -1.4314 -0.0383 -0.1647
v  -1.4496 0.1024 -0.4335
v  -1.3212 0.1159 -0.2411
v  -1.6537 0.0699 -0.4610
v  -1.7340 0.0647 -0.3850
v  -1.7766 0.0654 -0.2949
v  -1.8087 0.0663 -0.2055
v  -1.6109 0.2244 -0.2212
v  -1.7435 -0.0160 -0.2793
v  -1.6765 -0.0500 -0.2574
v  -1.4390 0.2006 -0.1922
v  -1.4268 0.1097 -0.0333
v  -1.4394 0.0382 -0.0474
v  -0.1524 1.9153 -0.1305
v  -0.1175 1.9529 -0.1047
v  -0.1344 1.9645 -0.1131
v  -0.1430 1.9324 -0.1711
v  -0.0918 1.9756 -0.1216
v  -0.1004 1.9884 -0.1371
v  -0.0908 1.9030 -0.1334
v  -0.0914 1.9208 -0.1746
v  -0.1165 1.8985 -0.1978
v  -0.9110 0.0069 -1.1066
v  -0.9384 0.0298 -1.0480
v  -0.9617 0.0260 -1.0822
v  -0.8840 0.0090 -1.0864
v  -0.8592 0.2069 -1.1079
v  -0.8250 0.1852 -1.0896
v  -0.9339 0.1835 -0.9962
v  -0.8199 0.1480 -1.0137
v  -0.8951 0.1611 -0.9774
v  -0.9352 0.2190 -1.0736
v  -0.8513 0.3772 -0.9884
v  -0.8513 0.3330 -0.9156
v  -0.7787 0.3526 -1.0291
v  -0.7483 0.3253 -1.0142
v  -0.7523 0.2881 -0.9427
v  -0.8208 0.3061 -0.9011
v  -0.6887 0.6237 -0.7644
v  -0.6841 0.6560 -0.8405
v  -0.6132 0.6375 -0.8781
v  -0.5785 0.6151 -0.8655
v  -0.6528 0.5998 -0.7481
v  -0.5824 0.5844 -0.7897
v  -0.5067 0.9277 -0.6480
v  -0.5376 0.9455 -0.6619
v  -0.5365 0.9665 -0.7302
v  -0.4456 0.9330 -0.7494
v  -0.4449 0.9105 -0.6832
v  -0.3035 1.2509 -0.6069
v  -0.3049 1.2184 -0.5436
v  -0.3320 1.2692 -0.6224
v  -0.3717 1.2292 -0.5197
v  -0.4006 1.2471 -0.5342
v  -0.3955 1.2776 -0.5964
v  -0.4753 0.9507 -0.7634
v  -0.2304 1.5737 -0.4398
v  -0.2092 1.5591 -0.4294
v  -0.2146 1.5336 -0.3842
v  -0.2631 1.5409 -0.3655
v  -0.2824 1.5557 -0.3772
v  -0.2795 1.5820 -0.4221
v  -0.1356 1.9040 -0.1130
v  -0.1592 1.9630 -0.1779
v  -0.1292 1.9095 -0.1863
v  -0.1569 1.9902 -0.1512
v  -0.1698 2.0026 -0.1768
v  -0.1432 1.9210 -0.2165
v  -0.1408 1.9121 -0.2011
v  0.5718 0.1057 -1.3371
v  0.5768 0.0329 -1.3014
v  0.4997 0.0304 -1.2817
v  0.6332 0.0316 -1.2576
v  0.6713 0.0894 -1.2226
v  0.5814 0.0118 -1.2648
v  0.5953 -0.0025 -1.2064
v  0.5088 0.0017 -1.2160
v  0.5650 0.0038 -1.1612
v  -0.1466 2.0259 -0.1597
v  -0.1330 2.0020 -0.1639
v  -0.1695 2.0098 -0.1508
v  -0.1440 2.0081 -0.1807
v  -0.1132 1.9373 -0.2263
v  -0.1004 1.9256 -0.1983
v  0.0144 1.5953 -0.4276
v  -0.0041 1.5529 -0.3569
v  0.0522 1.2876 -0.5065
v  0.0838 1.2870 -0.4846
v  -0.0284 1.5554 -0.3778
v  0.0418 1.3027 -0.5423
v  -0.0354 1.5681 -0.4065
v  0.1015 1.3384 -0.5723
v  0.2397 1.0616 -0.6448
v  0.1878 1.0810 -0.7165
v  0.1710 1.0200 -0.6103
v  0.2316 0.8408 -0.6910
v  0.3093 0.8920 -0.7344
v  0.1861 0.8416 -0.7218
v  0.1319 1.0194 -0.6349
v  0.3266 0.5790 -0.8196
v  0.2664 0.5781 -0.8600
v  0.1724 0.8629 -0.7694
v  0.2462 0.6067 -0.9229
v  0.2484 0.9143 -0.8133
v  0.3435 0.6797 -0.9790
v  0.4405 0.4453 -1.1437
v  0.3343 0.3581 -1.0798
v  0.5359 0.4124 -1.0252
v  0.4267 0.3252 -0.9596
v  0.3577 0.3239 -1.0071
v  0.4228 0.6507 -0.8771
v  0.1191 1.0370 -0.6773
v  0.0453 1.5802 -0.3785
v  0.1430 1.3209 -0.5113
v  -0.3130 0.5851 -0.0382
v  -0.3277 0.7472 -0.1335
v  -0.2981 0.6167 -0.0094
v  -0.2312 0.0711 0.5539
v  -0.2771 0.0676 0.5621
v  -0.2800 0.0569 0.5480
v  -0.2452 0.0505 0.5142
v  -0.3321 0.7400 -0.1658
v  -0.3574 0.7656 -0.1502
v  -0.2618 0.2213 0.4466
v  -0.2838 0.1914 0.4155
v  -0.2534 0.0821 0.5746
v  -0.3208 0.2397 0.4617
v  -0.3437 0.2009 0.4421
v  -0.3045 0.3287 0.2802
v  -0.2850 0.3656 0.3094
v  -0.3392 0.3845 0.3093
v  -0.3645 0.3454 0.2971
v  -0.3648 0.4651 0.1318
v  -0.3043 0.4495 0.1192
v  -0.2899 0.4848 0.1458
v  -0.3423 0.5038 0.1441
v  -0.3719 0.5944 -0.0262
v  -0.3500 0.6333 -0.0120
v  -0.3727 0.7456 -0.1576
v  -0.0602 0.7397 -0.3352
v  -0.0914 0.7278 -0.3288
v  -0.0481 0.7473 -0.3004
v  -0.0363 0.7345 -0.3318
v  -0.0546 0.7179 -0.3001
v  -0.0603 -0.0018 -0.8352
v  -0.0855 0.0935 -0.7052
v  -0.1299 0.1108 -0.7470
v  -0.0309 -0.0074 -0.8239
v  -0.0575 0.1223 -0.7426
v  -0.0949 0.1290 -0.7650
v  -0.0796 0.5589 -0.3962
v  -0.0909 0.6109 -0.4617
v  -0.0606 0.4451 -0.5602
v  -0.0998 0.4612 -0.5789
v  -0.1428 0.2829 -0.6551
v  -0.0901 0.4168 -0.5199
v  -0.1315 0.4453 -0.5540
v  -0.0971 0.2598 -0.6148
v  -0.0689 0.2842 -0.6598
v  -0.0509 0.5905 -0.4404
v  -0.1262 0.5914 -0.4346
v  -0.1070 0.2954 -0.6797
v  0.0261 0.2060 0.9237
v  -0.0425 0.0440 0.8945
v  0.0529 0.0438 0.8640
v  0.3148 0.1100 -1.3666
v  0.1813 0.0146 -1.1243
v  0.2704 0.0743 -1.4649
v  -0.0183 0.0448 0.5831
v  0.1169 0.0716 0.5970
v  0.1530 0.3612 0.6424
v  0.2767 0.2869 -1.5129
v  0.2956 0.3394 -1.4482
v  0.1743 0.2820 -1.5286
v  0.1252 0.3264 -1.4709
v  0.1075 0.1338 -1.4865
v  -0.1360 0.3027 0.8612
v  -0.2034 0.1701 0.5637
v  -0.2169 0.1804 0.8445
v  -0.0617 0.3589 0.5812
v  0.2018 0.3502 0.2655
v  -0.0298 0.3421 0.2371
v  -0.1842 0.1461 0.2248
v  0.0238 0.0205 0.2530
v  0.0044 0.3143 -0.1012
v  -0.1028 0.1306 -0.1182
v  0.0948 0.0080 -0.0894
v  0.1694 0.0680 0.2723
v  -0.0569 0.1522 -0.4464
v  0.2375 0.0593 -0.0713
v  0.1348 0.0137 -0.4394
v  0.2713 0.0638 -0.4361
v  0.2576 0.3567 -0.4239
v  0.2437 0.3619 -0.0762
v  0.2539 0.0820 -0.7855
v  0.2461 0.3816 -0.7727
v  0.0152 0.3205 -0.4354
v  0.0516 0.3714 -1.1402
v  0.0096 0.3640 -0.7798
v  -0.0061 0.1180 -1.1515
v  -0.0655 0.1405 -0.7925
v  0.1485 0.0118 -0.7821
v  0.2664 0.1047 -1.1068
v  0.2752 0.3919 -1.1176
v  -0.8655 0.1754 -0.1163
v  -0.8932 0.1404 -0.1031
v  -0.8511 0.1485 -0.0874
v  -0.3767 0.1330 -1.1189
v  -0.4314 0.1166 -1.1094
v  -0.3839 0.1298 -1.1285
v  -0.3852 0.1608 -1.1320
v  -0.3821 0.1376 -1.0835
v  -0.4039 0.1833 -1.0994
v  -0.4567 0.1568 -1.1008
v  -0.8708 0.1081 -0.1135
v  -0.8163 0.1335 -0.3101
v  -0.6679 0.1345 -0.4876
v  -0.7924 0.0990 -0.2994
v  -0.7066 0.0950 -0.5035
v  -0.7250 0.1381 -0.5131
v  -0.6191 0.0808 -0.7072
v  -0.4664 0.1278 -0.8826
v  -0.5902 0.1766 -0.6972
v  -0.5637 0.1224 -0.6821
v  -0.5259 0.0852 -0.9140
v  -0.4932 0.1811 -0.8912
v  -0.5485 0.1417 -0.9204
v  -0.6887 0.1755 -0.4972
v  -0.7565 0.1389 -0.2836
v  -0.7808 0.1740 -0.2941
v  -0.6407 0.1354 -0.7193
v  1.1584 0.0004 0.8518
v  0.9801 0.1774 1.0864
v  0.9196 0.0429 1.0754
v  1.0462 -0.0691 0.9277
v  -0.4376 0.5119 -0.1564
v  -0.3887 0.5232 -0.5472
v  -0.2026 0.4358 -0.4614
v  -0.3515 0.5935 -0.5664
v  -0.2597 0.6923 -0.2904
v  -0.1740 0.5468 -0.4595
v  -0.4576 0.6255 -0.4564
v  -0.4459 0.7148 -0.4441
v  -0.5662 0.5600 -0.3603
v  -0.5632 0.6304 -0.3389
v  -0.4222 0.5986 -0.1490
v  1.0865 0.3743 0.7985
v  1.2078 0.1099 0.8379
v  1.1100 0.1838 0.6706
v  1.1804 0.2688 0.9515
v  0.7856 0.1519 0.9620
v  0.8598 0.2760 0.9823
v  0.6518 0.3946 0.7072
v  0.8193 0.4573 0.5742
v  0.8631 0.2795 0.4587
v  0.6302 0.3611 0.2171
v  0.5478 0.5524 0.3430
v  0.5922 0.2347 0.2155
v  0.3542 0.3189 -0.0315
v  0.3872 0.4344 -0.0332
v  0.6074 0.2682 0.6990
v  0.3684 0.3535 0.4873
v  0.1183 0.4228 0.2660
v  -0.1335 0.5453 0.0690
v  0.1388 0.5195 0.2621
v  -0.1521 0.4576 0.0747
v  0.0156 0.6399 -0.1108
v  0.1134 0.4987 -0.2770
v  0.0820 0.3762 -0.2629
v  0.2912 0.6002 0.1004
v  0.4077 0.4790 0.4829
v  1.0454 0.0439 0.6955
v  0.8194 0.1404 0.4542
v  0.4757 0.6593 0.4438
v  0.4722 0.6755 0.4263
v  0.4569 0.6727 0.4273
v  0.8305 0.0583 -0.2798
v  0.7479 0.1322 -0.0647
v  0.8212 0.0267 -0.2686
v  0.7232 0.1830 -0.0991
v  0.7600 0.1697 -0.0791
v  0.7493 0.0501 -0.3017
v  0.7903 0.0721 -0.3049
v  0.7842 0.0229 -0.2822
v  0.6957 0.1522 -0.0931
v  0.5441 0.5370 0.3205
v  0.4997 0.5519 0.2804
v  0.5375 0.5757 0.2760
v  0.5984 0.4238 0.1589
v  0.5647 0.5663 0.3011
v  0.6318 0.4133 0.1880
v  0.6337 0.2560 0.0569
v  0.6098 0.3861 0.2198
v  0.5579 0.4012 0.1655
v  0.6604 0.2861 0.0427
v  0.6772 0.2385 0.0977
v  0.6904 0.2722 0.0718
v  0.4900 0.6673 0.4241
v  -0.7117 0.2506 1.4647
v  -0.8040 0.1496 1.3391
v  -0.8551 0.1211 1.3769
v  -0.8826 0.1059 1.4749
v  -0.8216 0.1708 1.6695
v  -0.4048 -0.0268 1.7388
v  -0.5245 0.0794 1.8865
v  -0.4868 -0.0566 1.7329
v  -0.4353 -0.0479 1.5657
v  -0.3398 0.0149 1.5562
v  -0.2469 0.1701 1.4932
v  -0.2740 0.1713 1.6985
v  -0.3398 0.2811 1.4306
v  -0.2948 0.1447 1.4100
v  -0.6727 -0.1001 1.6453
v  -0.7679 -0.0119 1.7666
v  -0.8841 -0.0421 1.4791
v  -0.7533 0.0101 1.2675
v  -0.6046 -0.0798 1.4941
v  -0.8485 -0.0235 1.3503
v  -0.6734 0.3362 1.7576
v  -0.5736 0.3970 1.6930
v  -0.6052 0.3855 1.5433
v  -0.8128 0.0817 1.7462
v  -0.5971 0.2241 1.8703
v  -0.6622 0.2543 1.3936
v  -0.4293 0.2645 1.3762
v  -0.5904 0.1738 1.3093
v  -0.7898 0.0814 1.2835
v  -0.8732 0.0453 1.3527
v  -0.9052 0.0293 1.4696
v  -0.4528 0.3019 1.7908
v  -0.3155 0.2948 1.6328
v  -0.4260 0.3783 1.5137
v  -0.5335 0.3763 1.4773
v  -0.3753 0.1135 1.3506
v  -0.5488 0.0607 1.2904
v  -0.3140 0.3269 1.5045
v  -1.1957 0.2208 0.5835
v  -1.2213 0.0636 0.8365
v  -1.2803 0.1909 0.8825
v  -1.0977 0.2006 1.0012
v  -1.1762 0.1525 0.9711
v  -1.1223 0.0685 0.9622
v  -0.0696 0.1543 -0.4685
v  -0.0669 0.2161 -0.5389
v  -0.0517 0.2782 -0.4544
v  -1.2239 0.1979 0.9427
v  -1.2025 0.2776 0.9317
v  -0.2051 0.2379 -0.7160
v  -0.1934 0.0485 -0.6055
v  -0.3568 0.2398 -0.7450
v  -0.1421 0.0795 -0.6365
v  -0.1773 0.4370 -0.5888
v  -0.1326 0.3316 -0.6229
v  -0.5204 0.2795 -0.4761
v  -0.3878 0.4294 -0.3804
v  -0.2101 0.2982 -0.2626
v  -0.2228 0.1274 -0.2772
v  -0.3926 0.0763 -0.3936
v  -0.6030 0.0733 -0.1679
v  -0.7098 0.2599 -0.2271
v  -0.5687 0.4198 -0.1142
v  -0.3795 0.3197 -0.0039
v  -0.4044 0.0979 -0.0206
v  -0.8908 0.2293 0.0532
v  -0.7162 0.4077 0.1493
v  -0.5402 0.3149 0.2522
v  -0.5734 0.0866 0.2329
v  -0.8054 0.0324 0.0859
v  -0.9599 0.0527 0.3656
v  -0.7237 0.0887 0.5024
v  -1.0248 0.2341 0.3233
v  -0.8686 0.4203 0.4301
v  -0.6855 0.3120 0.5419
v  -0.9117 0.0739 0.7510
v  -1.1150 0.0688 0.6220
v  -1.0417 0.3834 0.6982
v  -0.8875 0.2674 0.7938
v  0.1404 0.0931 1.6921
v  0.4740 0.0434 1.4666
v  0.4912 0.0980 1.3765
v  -0.0380 0.0280 1.6874
v  0.2360 0.1007 1.5076
v  0.0330 0.0535 1.2989
v  -0.2479 -0.0169 1.4872
v  -0.5089 0.1343 1.4520
v  -0.5020 0.0104 1.5783
v  -0.3114 0.1529 1.3624
v  -0.5994 0.1145 1.3253
v  -0.7431 0.1031 1.3971
v  -0.6836 0.0692 1.1886
v  -0.4419 0.1262 1.2444
v  1.5393 0.0076 1.1936
v  1.3649 0.0673 0.9794
v  1.3113 -0.0041 1.2222
v  -0.7800 0.0336 0.9377
v  -0.8053 0.0496 1.2117
v  -0.2881 0.1306 1.0043
v  1.0283 0.0989 0.9698
v  1.2206 0.0511 0.9431
v  1.2421 0.1011 0.7769
v  0.9426 0.0209 0.6427
v  1.3987 0.1108 0.4465
v  1.4017 0.1160 0.7327
v  -1.4021 -0.0727 0.7910
v  -1.5811 0.0901 0.6191
v  -1.6359 -0.0623 0.6712
v  -0.5709 0.3245 0.6889
v  -0.7267 0.1485 0.8350
v  -0.4289 0.2284 0.7285
v  -0.5288 0.2757 0.5580
v  -0.5941 0.3122 0.6002
v  -0.8207 0.2399 0.6985
v  -1.1669 0.0613 0.6337
v  -1.1136 0.1641 0.4787
v  -0.7621 0.1617 0.4445
v  -0.8124 0.2498 0.5397
v  -1.4571 0.0497 0.4809
v  -1.3488 0.1092 0.3185
v  1.0124 0.0670 0.4110
v  1.3453 0.0644 0.1455
v  1.0700 0.1361 0.0589
v  0.6739 0.0558 0.3930
v  0.6321 0.0537 0.0558
v  -1.0546 0.0498 0.3401
v  -0.8738 0.0544 0.3288
v  -0.6665 0.1699 0.2183
v  -0.8080 0.0324 0.1155
v  -0.9775 0.0299 0.0395
v  0.3650 0.1365 0.3428
v  0.5161 0.1039 0.6878
v  0.2003 0.1174 0.0595
v  -0.0764 0.1875 0.1661
v  0.1087 0.1567 0.5371
v  -1.5890 -0.0144 0.2686
v  -1.2679 0.0305 0.0851
v  -0.5022 0.1215 0.0438
v  -0.3565 0.2461 0.3305
v  -0.3295 0.1687 0.0769
v  -0.2551 0.1290 -0.1267
v  -1.0745 0.0374 -0.1203
v  -1.2126 0.0366 -0.3468
v  -1.0092 0.0290 -0.3557
v  0.7845 -0.0342 -0.1365
v  0.3329 0.0709 -0.3869
v  1.3566 0.0203 -0.0220
v  1.6653 0.0003 -0.5575
v  1.6408 0.1389 -0.5571
v  -0.6188 0.0505 -0.4597
v  -0.9499 0.2595 -0.7572
v  -0.4891 0.0426 -0.1445
v  -0.6065 0.0620 -0.7386
v  -0.8284 0.2677 -0.9135
v  -0.3334 0.0577 -0.5663
v  1.7251 0.0202 -0.7332
v  -0.9448 0.2386 -1.0234
v  -1.3428 0.1658 -0.8347
v  -0.3288 0.0427 -0.8866
v  -0.6683 0.1653 -1.1179
v  0.4424 0.0706 -0.7043
v  0.5373 0.0287 -0.5032
v  0.6805 0.0598 -0.6164
v  0.5462 0.0724 -0.7912
v  0.2765 0.0387 -0.9871
v  0.2609 0.0825 -0.7423
v  0.9295 -0.0024 -0.9703
v  1.5882 0.0236 -0.9520
v  1.5407 0.1572 -0.8851
v  1.6713 0.0291 -0.8496
v  0.6504 0.0818 -1.1343
v  0.3178 0.1195 -1.2496
v  -1.0621 0.1376 -1.0960
v  -0.8480 0.1653 -1.2872
v  -1.4761 0.0184 -1.0760
v  -1.5811 -0.0262 -0.8169
v  -1.0933 -0.0021 -1.1096
v  -0.9093 -0.0003 -1.3524
v  -0.4526 0.1586 -1.5821
v  -0.4934 0.0179 -1.6868
v  1.3964 0.0188 -1.0155
v  1.0755 0.0987 -1.2021
v  1.3461 0.1609 -0.9500
v  1.2033 0.1375 -0.7346
v  1.3899 0.1777 -0.6168
v  1.1203 0.0531 -0.1938
v  0.8703 0.0253 -0.3193
v  0.7365 0.0824 -1.4182
v  0.3635 0.1694 -1.4529
v  1.1465 -0.0225 -1.2896
v  0.7805 -0.0251 -1.5462
v  0.3655 0.0079 -1.5000
v  -0.0635 0.1482 -1.5331
v  -0.3920 0.1432 -1.2913
v  -0.0501 0.1316 -1.3040
v  -0.0859 -0.0007 -1.6190
v  0.0020 0.0643 -0.9745
v  -0.0267 0.0614 -0.6586
v  0.0497 0.0969 -0.2829
v  -1.3593 -0.0705 -0.3534
v  -1.5052 -0.1040 -0.3657
v  -1.6784 -0.0468 -0.0313
v  -1.5418 -0.0348 0.0016
v  -1.7621 -0.1213 0.2910
v  -1.5992 -0.1085 0.0068
v  1.5011 -0.0273 0.4257
v  1.4302 -0.1090 0.0321
v  1.6176 0.0676 0.8156
v  -0.8857 -0.0576 1.2533
v  -0.9754 0.0084 1.0115
v  -1.0337 -0.0787 1.0322
v  -1.2559 0.0688 0.7601
v  -0.8033 -0.0018 1.4678
v  1.1481 -0.0263 1.1133
v  1.0191 0.0456 1.0364
v  0.9961 -0.0393 1.0936
v  0.7257 -0.0097 1.2414
v  0.7416 0.0744 1.1750
v  0.4867 0.1316 1.2893
v  0.7446 0.1243 1.1021
v  0.3421 0.0897 1.0817
v  0.6771 0.0493 0.8863
v  -0.1516 0.1424 0.7310
v  -0.0748 0.1140 1.1548
v  0.2441 0.1424 0.9316
v  1.5948 0.0506 1.0034
v  -0.5952 0.8585 -0.0942
v  -0.6186 0.8313 -0.0507
v  -0.5455 0.9284 -0.0522
v  -0.5728 0.8613 0.0164
v  -0.5379 0.9269 -0.0079
v  -0.5219 0.9084 -0.0821
v  -1.1407 0.0083 0.3260
v  -1.2073 0.0212 0.2414
v  -1.1970 -0.0137 0.2165
v  -1.1676 0.0380 0.3188
v  -1.1067 0.0666 0.3249
v  -1.1478 0.0866 0.3090
v  0.0078 1.7845 -0.0496
v  0.0573 1.8382 -0.0957
v  0.0409 1.8608 -0.0707
v  0.0383 1.8581 -0.0941
v  -0.0261 1.8047 -0.0768
v  0.0290 1.8434 -0.1118
v  -0.0237 1.8035 -0.1024
v  0.0290 1.7697 -0.0935
v  -0.0084 1.7899 -0.1170
v  -1.1087 -0.0022 0.3123
v  -1.1103 0.0061 0.1969
v  -1.0788 0.0433 0.3009
v  -1.1663 -0.0325 0.2105
v  -0.8243 0.5144 0.1507
v  -0.7474 0.5287 0.1987
v  -0.7524 0.5572 0.1208
v  -0.6510 0.7072 0.0704
v  -0.8042 0.5866 0.0229
v  -0.8633 0.5224 0.0415
v  -0.6923 0.4688 0.1597
v  -0.6691 0.5148 0.1099
v  -0.5746 0.6610 0.0836
v  -0.7498 0.4284 0.0792
v  -0.6953 0.4890 0.0357
v  -0.7758 0.4316 0.2091
v  -1.1729 0.0183 0.1469
v  -1.2070 0.0376 0.1585
v  -1.2158 0.0690 0.2070
v  -1.1182 0.2124 0.0985
v  -1.0868 0.1808 0.0782
v  -1.0173 0.1548 0.1404
v  -0.9990 0.1879 0.2352
v  -1.0308 0.2168 0.2516
v  -1.0731 0.2347 0.2297
v  -1.1260 0.2363 0.1450
v  -0.9581 0.3709 0.1639
v  -0.9937 0.3806 0.0833
v  -0.9867 0.3594 0.0418
v  -0.9577 0.3304 0.0304
v  -0.8925 0.2907 0.0892
v  -0.8965 0.3149 0.1851
v  -0.9288 0.3477 0.1925
v  -0.8597 0.5066 -0.0011
v  -0.8303 0.4781 -0.0098
v  -0.8097 0.4778 0.2052
v  -0.7283 0.4772 0.2244
v  -0.6425 0.6783 -0.0545
v  -0.5741 0.6438 -0.0003
v  -0.4990 0.8299 0.0508
v  -0.6924 0.7233 -0.0128
v  -0.7996 0.5730 -0.0204
v  -0.7662 0.5413 -0.0314
v  -0.6791 0.7064 -0.0499
v  -0.5553 0.8340 -0.0978
v  -0.4906 0.8087 -0.0367
v  -0.4632 0.8885 -0.0410
v  -0.4723 0.9051 0.0316
v  -0.4548 1.0932 -0.0253
v  -0.3973 1.0683 0.0066
v  -0.4352 1.0771 -0.0869
v  -0.3765 1.0508 -0.0572
v  -0.2917 1.2145 -0.0756
v  -0.3169 1.2340 -0.0062
v  -0.3824 1.2635 -0.0412
v  -0.4582 1.0910 -0.0635
v  -0.3570 1.2439 -0.1133
v  -0.1643 1.4577 -0.0865
v  -0.1901 1.4750 -0.0312
v  -0.2370 1.5026 -0.0583
v  -0.2335 1.4997 -0.0913
v  -0.3858 1.2612 -0.0852
v  -0.2117 1.4856 -0.1120
v  -0.0760 1.6172 -0.0862
v  -0.0955 1.6316 -0.0457
v  -0.1285 1.6519 -0.0677
v  -0.1285 1.6515 -0.0930
v  -0.1110 1.6391 -0.1076
v  -0.9508 0.0826 -0.5952
v  -1.0307 -0.0514 -0.5318
v  -1.0616 0.1181 -0.6932
v  -0.8453 0.0942 -0.3602
v  -0.9356 0.2006 -0.6503
v  -0.5910 1.0396 -0.3477
v  -0.7529 0.9496 -0.5118
v  -0.6884 0.8812 -0.3307
v  -0.5844 1.1042 -0.4596
v  -0.6707 1.0965 -0.5097
v  -0.5571 1.1369 -0.5886
v  -0.6237 1.2218 -0.6157
v  -0.5788 1.1593 -0.5911
v  -0.6764 1.0830 -0.6001
v  -0.5960 1.0630 -0.6234
v  -0.4749 1.0354 -0.6013
v  -0.5859 0.8626 -0.6228
v  -0.5280 1.1384 -0.5474
v  0.0198 1.6597 -0.0540
v  -0.0168 1.6846 -0.1619
v  -0.0840 1.6610 -0.1258
v  -0.1001 1.5420 -0.0090
v  -0.1434 1.5807 -0.1503
v  -0.1304 1.6126 -0.2241
v  0.1517 1.5786 -0.1025
v  0.1549 1.5868 -0.1575
v  0.0963 1.6736 -0.1196
v  -1.1176 0.1791 -0.3112
v  -1.2153 0.0593 -0.3248
v  -1.1299 0.1367 -0.2513
v  -1.0740 0.3627 -0.4003
v  -1.2526 0.2365 -0.5583
v  -1.1034 0.2639 -0.3738
v  -1.0183 0.2545 -0.2118
v  -1.1312 0.0912 -0.1997
v  0.0298 1.6821 -0.2018
v  0.1233 1.4365 -0.1576
v  0.0880 1.5863 -0.2631
v  -0.0771 1.6080 -0.2870
v  -0.3999 0.9463 -0.5629
v  -0.1459 1.2353 -0.4799
v  -0.3062 1.3614 -0.4393
v  -0.9762 -0.0385 -0.3781
v  -1.1333 -0.0774 -0.4188
v  -0.8905 0.0995 -0.2014
v  -1.0309 -0.0341 -0.2596
v  -1.2153 -0.0527 -0.3290
v  -1.2925 0.0075 -0.5071
v  -1.1924 -0.0229 -0.5938
v  -1.0344 0.2670 -0.7147
v  -0.7145 0.4947 -0.6449
v  -0.6042 0.3596 -0.3328
v  -0.6407 0.3668 -0.1549
v  -0.9707 0.1536 -0.1092
v  -1.0979 -0.0081 -0.1724
v  -0.9953 0.1919 -0.1383
v  -0.7285 0.4241 -0.0438
v  -0.7666 0.4573 -0.0653
v  -0.8147 0.5072 -0.1475
v  -0.9609 0.6962 -0.5750
v  -1.1947 0.3989 -0.5991
v  -1.2195 0.3872 -0.7041
v  -1.2921 0.1819 -0.6411
v  -1.2590 0.0976 -0.4615
v  -0.9540 0.7113 -0.6785
v  -0.7952 0.5720 -0.6956
v  -0.7433 0.9521 -0.6028
v  -0.4982 0.7925 -0.5910
v  -0.3825 0.6502 -0.3061
v  -0.4192 0.6588 -0.1344
v  -0.5158 0.7241 -0.0216
v  -0.5596 0.7543 -0.0395
v  -0.6114 0.7968 -0.1146
v  -0.8954 0.6054 -0.3710
v  -0.5160 0.9447 -0.1095
v  -0.3583 1.3107 -0.2468
v  -0.3608 1.3690 -0.3578
v  0.0487 1.5173 -0.3054
v  -0.0574 1.0994 -0.2517
v  -0.2810 0.7985 -0.2945
v  -0.1045 1.1016 -0.0958
v  -0.3149 0.8056 -0.1290
v  -0.4201 0.8704 -0.0150
v  -0.2248 1.1651 0.0237
v  -0.2697 1.1948 0.0108
v  -0.4642 0.9003 -0.0308
v  -0.3131 1.2309 -0.0561
v  0.0469 1.5765 0.0009
v  0.1116 1.6003 -0.0353
v  0.0688 1.6753 -0.0991
v  0.0036 1.4722 -0.0050
v  -0.0575 1.5199 0.0280
v  0.0839 1.4309 -0.0438
v  -1.6987 0.2105 -0.6153
v  -1.5140 0.3471 -0.6945
v  -1.6951 0.3541 -0.8180
v  -1.2119 -0.0214 -1.0777
v  -1.2672 0.0663 -1.1635
v  -1.1623 0.0274 -1.1408
v  -1.1418 -0.0451 -0.9375
v  -1.0635 0.0123 -0.9165
v  -1.1833 -0.0526 -0.8771
v  -1.2907 -0.0224 -1.0888
v  -1.2094 0.1481 -1.0827
v  -1.1088 0.0846 -0.9493
v  -1.1211 0.0806 -1.1012
v  -1.8285 0.2037 -0.7761
v  -1.1229 0.0283 -0.8259
v  -1.5608 0.3401 -0.8848
v  -1.7711 0.2056 -0.8872
v  -1.4495 0.3290 -0.7190
v  -1.7353 0.0034 -0.8384
v  -1.5583 -0.0409 -0.7125
v  -1.6596 -0.0207 -0.6987
v  -1.7549 0.0384 -0.7121
v  -1.4720 0.1427 -0.6126
v  -1.5889 0.1701 -0.5879
v  -1.7008 0.1649 -0.9936
v  -1.6666 -0.0158 -0.9369
v  -1.4847 -0.0224 -1.0424
v  -1.4933 0.1438 -1.1321
v  -1.4019 0.2997 -1.0272
v  -1.2782 0.2641 -0.8229
v  -1.1313 0.1250 -0.8987
v  -1.2848 0.0943 -0.7144
v  -1.3719 -0.0537 -0.7866
v  1.3173 0.3268 -0.6716
v  1.4097 0.3736 -0.6342
v  1.4127 0.4038 -0.9026
v  1.7290 0.3969 -0.7954
v  1.3119 0.1709 -0.4995
v  1.4785 0.2673 -0.4342
v  1.7393 0.3591 -0.6792
v  1.4945 0.3814 -1.0602
v  1.6862 0.3977 -0.9124
v  1.8033 0.3305 -1.0176
v  1.7688 0.2814 -0.6190
v  1.6743 0.0964 -0.4020
v  1.8432 0.2211 -0.6452
v  1.8853 0.3109 -0.7498
v  1.7307 -0.0498 -0.7419
v  1.5185 -0.0400 -0.7028
v  1.6638 -0.0565 -0.8436
v  1.2883 0.0061 -0.7240
v  1.4481 -0.0432 -0.7684
v  1.3464 0.0084 -0.5013
v  1.8183 0.0055 -1.0987
v  1.9164 -0.0066 -0.9792
v  1.2418 0.2175 -0.7433
v  1.4926 0.0229 -0.4135
v  1.5702 0.1661 -0.3875
v  1.9367 0.1819 -0.9838
v  1.8492 0.2030 -1.1095
v  1.8755 0.3320 -0.8982
v  1.4383 0.2383 -1.1287
v  1.3068 0.2281 -0.9950
v  1.3459 0.0136 -0.9734
v  1.6255 -0.0326 -0.6244
v  1.9012 -0.0103 -0.6629
v  1.6450 0.0245 -0.4078
v  1.9281 0.1018 -0.6680
v  1.9568 0.1481 -0.8078
v  1.4453 0.0199 -1.1257
v  1.6050 -0.0543 -0.9150
v  1.9441 -0.0150 -0.8109
v  -1.7503 0.0655 0.6507
v  -1.6220 -0.1009 0.5668
v  -1.5695 0.0537 0.7084
v  -1.8061 0.1032 0.5753
v  -1.8012 0.0090 0.5703
v  -1.3597 0.0559 0.6749
v  -1.1967 0.0053 0.5131
v  -1.2679 0.1701 0.5403
v  -1.3639 -0.0992 0.5514
v  -1.9629 0.0581 0.1831
v  -1.9475 0.0265 0.2423
v  -1.9338 0.0834 0.2372
v  -1.9192 0.1729 0.1767
v  -1.9129 0.2055 0.1081
v  -1.7534 0.2847 0.2634
v  -1.8183 0.2178 0.3323
v  -1.8797 0.0883 0.3870
v  -1.5023 0.1761 0.1957
v  -1.2437 -0.0088 0.3011
v  -1.5121 0.0328 0.1448
v  -1.7805 -0.0889 0.1311
v  -1.8756 -0.0888 0.1932
v  -1.9197 -0.0289 0.1055
v  -1.7932 0.1233 0.0098
v  -1.6788 0.0487 0.0409
v  -1.6669 0.1857 0.0863
v  -1.3593 -0.1033 0.4655
v  -1.6023 -0.0813 0.2684
v  -1.3622 -0.0713 0.3790
v  -1.1907 -0.0083 0.4035
v  -1.7106 -0.0913 0.3547
v  -1.8118 -0.0592 0.3853
v  -1.8758 0.0099 0.4009
v  -1.9251 -0.0434 0.2257
v  -1.7331 0.1859 0.5573
v  -1.6151 0.2728 0.4387
v  -1.7090 0.2863 0.1966
v  -1.8865 0.1987 0.0437
v  -1.9559 0.0147 0.1336
v  -1.2214 0.1037 0.3330
v  -1.2401 0.1920 0.4251
v  -1.5470 0.2827 0.3283
v  -0.0697 0.7214 -0.0781
v  -0.0232 0.7505 -0.0770
v  -0.0619 0.7423 -0.1059
v  -0.0429 0.7049 -0.0619
v  -0.0418 0.7262 -0.0566
v  0.0888 0.6015 -0.1520
v  0.1043 0.6394 -0.1855
v  0.5731 -0.0034 -0.6335
v  0.5900 -0.0002 -0.6745
v  0.6290 -0.0099 -0.6210
v  0.6314 0.0372 -0.6359
v  0.0329 0.5855 -0.1989
v  0.4413 0.1917 -0.5382
v  0.4997 0.2098 -0.4967
v  0.4914 0.1704 -0.4622
v  0.4302 0.1503 -0.5028
v  0.3489 0.3080 -0.3557
v  0.3047 0.2899 -0.3895
v  0.3226 0.3222 -0.4098
v  0.3635 0.3411 -0.3816
v  0.2192 0.4576 -0.2533
v  0.2301 0.4856 -0.2834
v  0.1741 0.4435 -0.2927
v  0.1869 0.4728 -0.3233
v  0.0517 0.6240 -0.2303
v  1.3438 0.2699 0.6564
v  1.4365 0.2223 0.5853
v  1.3285 0.1592 0.5416
v  1.2080 0.1218 0.6305
v  1.2315 0.2143 0.7326
v  1.3732 0.0274 1.2025
v  1.4106 -0.0489 1.0721
v  1.4604 -0.0239 1.1741
v  1.5707 -0.0301 1.0206
v  1.5905 -0.0128 1.1346
v  1.6444 0.2426 1.0434
v  1.6970 0.1015 1.1207
v  1.7275 0.1259 1.0060
v  1.6163 0.2028 1.1620
v  1.5475 0.0627 1.2119
v  1.4880 0.3011 1.0841
v  1.4818 0.2500 1.1836
v  1.6816 0.0311 1.0831
v  1.6873 0.0337 0.9949
v  1.3281 0.2726 1.1120
v  1.1940 0.1132 0.9375
v  1.2491 0.1688 1.1271
v  1.3314 0.2050 1.1906
v  1.3371 -0.0659 0.7024
v  1.3490 -0.0384 0.6296
v  1.4273 -0.0307 0.6440
v  1.1505 0.0643 0.7593
v  1.2790 -0.0338 0.6397
v  1.3740 0.0052 0.5766
v  1.3532 0.0789 0.5327
v  1.4782 0.0342 0.5863
v  1.4918 0.1214 0.5509
v  1.6807 0.1489 0.7507
v  1.5969 0.2819 0.7880
v  1.4516 0.3462 0.8446
v  1.3015 0.3039 0.8838
v  1.2992 0.0112 1.1212
v  1.2682 -0.0195 0.9306
v  1.3971 -0.0637 0.8862
v  1.5584 -0.0334 0.8137
v  1.6621 0.0464 0.7615
v  1.2412 -0.0529 0.7362
v  1.1563 0.0471 -0.8700
v  1.0887 0.3235 -0.9590
v  1.1932 0.0702 -0.8369
v  1.0538 0.2806 -0.6578
v  1.0729 0.0290 -0.9356
v  0.8443 0.1600 -0.7861
v  0.9204 0.2387 -0.9837
v  0.0783 1.8598 -0.3165
v  0.0613 1.8045 -0.2095
v  0.1182 1.7892 -0.2196
v  0.1406 1.7993 -0.4083
v  0.1598 1.7121 -0.2449
v  0.0022 1.7466 -0.2499
v  0.0347 1.8435 -0.3283
v  0.0054 1.7972 -0.3445
v  0.0301 1.7876 -0.2162
v  0.1188 1.6836 -0.2199
v  0.0288 1.6612 -0.2789
v  0.0346 1.7310 -0.4036
v  0.0832 1.7794 -0.4262
v  0.2191 1.5425 -0.5757
v  0.1603 1.4940 -0.5486
v  0.2859 1.5645 -0.5402
v  0.4684 1.2583 -0.4255
v  0.4329 1.3220 -0.6638
v  0.2705 1.4370 -0.2959
v  0.4029 1.2075 -0.4037
v  0.6433 1.0277 -0.4742
v  0.3842 0.9083 -0.6080
v  0.5483 0.9624 -0.4599
v  0.5144 0.6527 -0.6843
v  0.7040 0.7184 -0.5106
v  0.5942 0.7544 -0.8703
v  0.6656 0.4023 -0.7445
v  0.7421 0.4957 -0.9570
v  0.6725 0.8120 -0.9038
v  0.8449 0.5666 -0.9847
v  0.9173 0.6016 -0.9330
v  0.7653 0.8473 -0.8418
v  1.0150 0.2901 -0.9957
v  0.9511 0.5308 -0.5930
v  0.8529 0.4792 -0.5847
v  0.9800 0.2337 -0.6346
v  1.1691 0.0788 -0.7178
v  1.1296 0.0080 -0.7532
v  1.0607 -0.0154 -0.8378
v  1.0906 -0.0133 -0.7883
v  1.1210 0.0287 -0.8904
v  0.8070 0.7877 -0.5364
v  0.6018 1.0901 -0.7702
v  0.5172 1.0591 -0.8233
v  0.3637 1.2974 -0.7119
v  0.3039 1.2476 -0.6833
v  0.1499 1.4148 -0.4114
v  0.3256 1.4835 -0.3144
v  0.2601 1.1711 -0.5345
v  0.4511 1.0051 -0.7886
v  -0.0117 0.0793 1.4155
v  -0.0234 0.0155 1.3760
v  -0.1049 0.0174 1.4215
v  -0.1355 0.0554 1.5028
v  -0.0135 0.1719 1.4849
v  -0.0116 0.1938 1.6164
v  0.0614 0.1115 1.7674
v  0.1439 0.2419 1.6170
v  0.4355 0.1138 1.4198
v  0.3158 0.1448 1.3452
v  0.3368 0.2134 1.3944
v  0.4081 0.0563 1.3904
v  0.4555 0.0659 1.5754
v  0.4134 -0.0319 1.5590
v  0.3660 0.0842 1.7731
v  0.2466 -0.0300 1.7366
v  0.3616 -0.0340 1.7103
v  0.4242 -0.0511 1.6638
v  0.4106 0.2094 1.6095
v  0.2961 0.0711 1.3278
v  0.3550 -0.0258 1.3670
v  0.2117 0.1560 1.3533
v  0.2499 -0.0672 1.3623
v  0.1970 0.0539 1.3212
v  -0.0979 -0.0176 1.4703
v  0.2280 0.1208 1.7999
v  0.2928 0.2545 1.6185
v  -0.0222 -0.0819 1.5322
v  0.1106 -0.0291 1.7154
v  -0.0605 -0.0267 1.6345
v  0.1354 -0.1052 1.5470
v  -0.0024 -0.0682 1.4232
v  0.1277 -0.0737 1.3799
v  0.2646 -0.1075 1.5466
v  0.0995 0.1271 1.3840
v  0.1023 0.2065 1.4412
v  0.2240 0.2302 1.4069
v  -0.0942 0.0896 1.6737
v  0.3721 -0.0807 1.5344
v  0.0992 0.0384 1.3429
v  0.4060 0.3158 1.3365
v  0.4646 0.1667 1.3083
v  0.5718 0.2412 1.1937
v  0.3076 0.6430 1.1428
v  -0.0594 1.8773 0.0016
v  -0.0004 1.8779 -0.2157
v  -0.0490 1.7289 -0.1887
v  0.0269 1.9395 -0.0597
v  0.1101 1.8857 0.0968
v  0.1491 1.9556 0.0131
v  0.2112 1.7960 -0.1473
v  0.2971 -0.0014 1.1376
v  0.5335 0.0639 1.0075
v  0.4525 0.0056 1.1498
v  0.3748 0.0025 1.1852
v  0.2041 1.7642 -0.0709
v  0.2381 0.1300 1.2632
v  0.1671 0.2083 1.2343
v  0.2261 0.0629 0.9921
v  -0.0258 1.3675 0.3118
v  0.1542 1.4598 0.3729
v  0.1009 0.9256 0.3349
v  0.0159 1.2193 0.1025
v  0.2716 1.2435 0.0384
v  0.3657 0.9359 0.2794
v  0.1499 0.6389 0.5703
v  0.4390 0.6535 0.5110
v  0.4123 1.0880 0.4435
v  0.5023 0.8102 0.6902
v  0.5416 0.3490 0.7296
v  0.5936 0.5253 0.9311
v  0.0372 0.8160 0.8029
v  0.0680 0.5224 1.0541
v  0.1764 0.3400 0.7686
v  0.0151 1.1038 0.5614
v  0.2078 1.2046 0.6333
v  0.3328 1.3717 0.2036
v  0.1762 1.6532 -0.2307
v  0.2598 0.9233 0.8924
v  0.0272 1.0961 -0.8226
v  -0.0395 1.0072 -0.8833
v  -0.0499 1.0862 -0.8166
v  0.0677 1.0037 -0.8851
v  -0.0260 0.8217 -1.0189
v  0.1381 1.0112 -0.8373
v  0.1082 0.9394 -0.8615
v  0.0684 0.8257 -1.0140
v  -0.0712 1.4906 -0.5328
v  -0.0975 1.4852 -0.4776
v  -0.0276 1.5036 -0.5056
v  -0.1260 1.5057 -0.5500
v  -0.0853 1.4380 -0.5796
v  -0.0361 1.4466 -0.5794
v  -0.1087 1.3779 -0.4948
v  0.0428 1.4857 -0.4661
v  -0.1350 1.4618 -0.4694
v  -0.2532 1.8906 -0.2565
v  -0.2797 1.8655 -0.3152
v  -0.2664 1.8670 -0.2512
v  -0.2322 1.8917 -0.2774
v  -0.2588 1.9153 -0.2993
v  -0.2525 1.7856 -0.2732
v  -0.2301 1.8465 -0.3638
v  -0.2704 1.8238 -0.3489
v  0.2149 0.9853 -0.7561
v  0.2289 1.0159 -0.7878
v  0.2512 1.0117 -0.7473
v  0.1632 0.9692 -0.7636
v  0.2294 0.9795 -0.7840
v  0.1768 1.0048 -0.7453
v  -0.2268 1.8521 -0.2555
v  -0.0580 0.0910 -1.4745
v  -0.0616 0.1401 -1.5486
v  -0.0477 0.0858 -1.5679
v  0.0429 0.1099 -1.5339
v  0.0766 1.0096 -0.7667
v  0.0710 0.9453 -0.7819
v  0.1601 0.9660 -0.8162
v  -0.2084 1.7994 -0.2829
v  -0.1984 1.8263 -0.3247
v  0.2515 2.2443 -0.0796
v  0.2058 2.0212 -0.1938
v  0.2262 2.0449 -0.2348
v  0.2202 2.2529 -0.0719
v  0.2432 2.2606 -0.0450
v  0.0304 1.5175 -0.5498
v  0.0866 1.6833 -0.4050
v  0.0430 1.7146 -0.4304
v  0.0737 1.7208 -0.4918
v  0.0816 1.0306 -0.8000
v  0.0309 1.0642 -0.7468
v  0.1520 1.0229 -0.7813
v  0.0267 1.1352 -0.7764
v  0.0272 1.2376 -0.6503
v  0.0430 1.0862 -0.7708
v  0.0159 1.2150 -0.6231
v  -0.0877 1.2075 -0.6263
v  -0.0500 1.0500 -0.7661
v  -0.0907 1.2522 -0.6824
v  -0.1197 1.4082 -0.5685
v  -0.1593 1.4808 -0.5396
v  -0.2099 1.6194 -0.3873
v  -0.2328 1.6509 -0.4497
v  -0.1966 1.6681 -0.4591
v  -0.0949 1.5116 -0.5230
v  -0.1694 1.6599 -0.4305
v  -0.1754 1.6368 -0.3958
v  -0.0239 1.2688 -0.6952
v  -0.0403 0.9653 -0.8203
v  -0.0305 0.7741 -0.9448
v  0.0854 0.7964 -0.9724
v  -0.0336 0.5870 -1.0659
v  0.1023 0.6197 -1.1082
v  0.0818 0.6547 -1.1496
v  -0.0290 0.6545 -1.1467
v  -0.0417 0.4254 -1.2137
v  -0.0423 0.4978 -1.2951
v  0.1004 0.4580 -1.2608
v  0.0749 0.4962 -1.3021
v  -0.0551 0.3221 -1.4316
v  -0.0511 0.2600 -1.3465
v  0.0844 0.2887 -1.4050
v  0.0553 0.3219 -1.4450
v  0.0330 0.1699 -1.5444
v  0.0091 1.2583 -0.6787
v  0.0227 1.4291 -0.5856
v  0.0522 1.4007 -0.5461
v  0.0314 1.3845 -0.4945
v  0.0677 1.4940 -0.5184
v  0.1124 1.6929 -0.4613
v  0.1381 1.8634 -0.3365
v  0.1073 1.8877 -0.3490
v  0.1301 1.9090 -0.3911
v  0.1648 1.8831 -0.3695
v  0.1942 2.0718 -0.2545
v  0.1765 2.0472 -0.2179
v  0.2316 2.2721 -0.0823
v  0.6012 0.0110 -1.7123
v  0.8555 -0.0846 -1.6525
v  0.7403 -0.1159 -1.5438
v  0.7843 0.0404 -1.8098
v  0.9231 0.0171 -1.7465
v  0.5009 0.0140 -1.6011
v  0.5287 0.0662 -1.4810
v  0.5183 0.1450 -1.5822
v  0.6043 0.1489 -1.6804
v  0.6153 0.1744 -1.3867
v  0.5724 0.0010 -1.3944
v  0.6089 0.0616 -1.3134
v  0.7341 0.1950 -1.2730
v  1.1044 -0.0125 -1.5655
v  1.1460 0.1081 -1.4538
v  1.1443 -0.0256 -1.4439
v  0.9911 -0.1073 -1.5014
v  1.0928 0.0438 -1.3496
v  1.0491 -0.1033 -1.4104
v  0.6922 0.0909 -1.2301
v  0.7929 0.0879 -1.1619
v  0.8982 0.1306 -1.1709
v  0.7931 0.2697 -1.3286
v  0.9076 0.2303 -1.6425
v  1.1100 0.0913 -1.5679
v  0.9127 0.1287 -1.7243
v  1.0993 0.1769 -1.5238
v  0.8923 0.2931 -1.5270
v  1.0798 0.2261 -1.4481
v  0.8109 0.2568 -1.6429
v  0.6975 0.2773 -1.5435
v  0.8511 0.3082 -1.4055
v  0.8298 -0.1135 -1.2559
v  0.8739 -0.1323 -1.4108
v  0.9492 -0.1244 -1.3266
v  0.7083 -0.0303 -1.2507
v  0.7696 -0.1191 -1.3145
v  0.9275 -0.0252 -1.1732
v  0.8109 -0.0230 -1.1744
v  0.9937 0.0110 -1.2359
v  0.9996 0.1773 -1.2401
v  1.0569 0.2120 -1.3496
v  0.6448 0.2616 -1.4736
v  0.5627 -0.0758 -1.5310
v  0.6178 -0.0932 -1.4545
v  0.7772 0.1573 -1.7599
v  -0.7617 -0.0607 -1.2439
v  -0.8911 -0.0774 -1.2463
v  -0.9377 -0.0763 -1.5128
v  -0.9964 -0.0643 -1.2321
v  -0.7487 -0.0203 -1.1700
v  -0.2290 0.2072 -1.7693
v  -0.3872 0.3299 -1.6022
v  -0.2709 0.2822 -1.5198
v  -0.2011 0.1974 -1.5490
v  -0.2166 0.1710 -1.8143
v  -0.3127 0.2261 -1.8113
v  -0.9947 0.1829 -1.2398
v  -0.7556 0.1494 -1.1340
v  -0.7645 0.2357 -1.2120
v  -1.0256 0.0936 -1.1926
v  -1.0484 0.1934 -1.4814
v  -1.1015 0.0971 -1.5241
v  -0.8046 0.3868 -1.4842
v  -0.4990 0.2725 -1.1916
v  -0.8294 0.3683 -1.6292
v  -0.3072 0.0242 -1.8194
v  -0.2054 0.0923 -1.8246
v  -0.2305 0.0225 -1.7937
v  -0.3250 -0.0757 -1.5655
v  -0.2034 0.0762 -1.5622
v  -0.2655 -0.0633 -1.5330
v  -0.7183 -0.0566 -1.6954
v  -0.5306 -0.0684 -1.2676
v  -0.4592 0.2040 -1.1488
v  -0.4540 0.0922 -1.1712
v  -0.4840 -0.0217 -1.1909
v  -0.8017 -0.0017 -1.8314
v  -0.3025 0.1056 -1.8756
v  -0.8474 0.0987 -1.8614
v  -0.8696 0.1887 -1.8421
v  -0.3054 0.1812 -1.8644
v  -1.0987 0.0085 -1.5464
v  -0.8541 0.2845 -1.7620
v  -1.0256 -0.0106 -1.1962
v  -0.7471 0.0632 -1.1399
v  -1.0553 -0.0545 -1.5513
v  -0.1061 1.0357 0.6932
v  -0.1076 0.8825 0.8096
v  -0.0362 1.0116 0.6811
v  0.0028 1.0290 0.7508
v  -0.0687 0.8734 0.8277
v  -0.0600 0.9841 0.6173
v  -0.0677 1.0891 0.6279
v  -0.2511 -0.0002 1.2885
v  -0.2853 0.0277 1.1854
v  -0.2247 0.0555 1.2681
v  -0.2890 0.0935 1.3366
v  -0.3226 0.0196 1.3282
v  0.0414 2.0949 -0.0728
v  0.0726 2.1081 -0.0440
v  0.0797 2.0952 -0.0566
v  0.0305 2.1066 -0.0569
v  -0.3902 0.0792 1.2240
v  -0.3958 0.0005 1.2606
v  -0.3634 -0.0212 1.2749
v  -0.3737 0.0528 1.1838
v  -0.3155 -0.0318 1.2364
v  -0.3811 -0.0282 1.2337
v  0.2142 1.2700 0.6730
v  0.1333 1.1869 0.6616
v  0.2089 1.2788 0.6733
v  0.2044 1.2766 0.6919
v  0.1203 1.1751 0.7074
v  0.1539 1.1463 0.6750
v  -0.1309 1.0953 0.6224
v  -0.1473 1.0220 0.6676
v  0.0367 0.9761 0.6940
v  -0.0961 0.8110 0.6969
v  -0.1434 0.9976 0.6267
v  -0.0591 0.8127 0.7224
v  -0.0359 0.8236 0.7679
v  -0.1476 0.6492 0.8008
v  -0.0912 0.6805 0.8680
v  -0.1246 0.7298 0.9236
v  -0.1338 0.5392 0.9821
v  -0.2578 0.5571 0.9629
v  -0.2236 0.7102 0.8530
v  -0.2061 0.4332 1.1450
v  -0.3056 0.4042 1.0662
v  -0.2967 0.3833 1.0345
v  -0.2560 0.5318 0.9316
v  -0.3510 0.2394 1.1471
v  -0.3392 0.2171 1.1063
v  -0.2223 0.3653 1.0362
v  -0.2511 0.1981 1.1033
v  -0.1846 0.2285 1.1939
v  -0.2361 0.2731 1.2593
v  -0.1703 0.3935 1.0986
v  -0.1661 0.5822 1.0268
v  -0.1846 0.5059 0.9258
v  -0.1701 0.8385 0.7132
v  -0.2240 0.6833 0.8155
v  -0.1658 0.8612 0.7523
v  -0.1287 1.0746 0.5898
v  -0.0639 1.0709 0.5932
v  -0.0561 1.2207 0.4846
v  -0.1179 1.2191 0.4746
v  -0.0556 1.2443 0.5119
v  -0.1185 1.2419 0.4993
v  -0.0925 1.3930 0.3872
v  -0.0896 1.3727 0.3545
v  -0.0209 1.3697 0.3728
v  -0.0232 1.3913 0.4082
v  -0.0533 1.5564 0.3020
v  0.0044 1.5558 0.3210
v  -0.0501 1.5413 0.2723
v  0.0050 1.5413 0.2920
v  0.0190 1.7233 0.2300
v  -0.0284 1.7209 0.2158
v  -0.0222 1.7073 0.1930
v  0.0244 1.7099 0.2075
v  0.0517 1.8688 0.1101
v  0.0451 1.8866 0.1348
v  -0.0091 1.8812 0.1160
v  -0.0020 1.8651 0.0926
v  0.0302 2.0186 -0.0096
v  0.0666 2.0219 0.0007
v  0.0597 2.0346 0.0144
v  0.0209 2.0297 0.0039
v  -0.1408 0.8793 0.7853
v  -0.5991 0.0327 1.1256
v  -0.6827 -0.0532 1.1040
v  -0.6392 -0.0399 0.9895
v  -0.2488 1.6864 0.0314
v  -0.2883 1.3832 0.0774
v  -0.3488 1.4764 0.2038
v  -0.1897 1.7105 -0.0095
v  -0.2101 1.6493 -0.0408
v  -0.7814 0.0156 1.1978
v  -0.6997 0.1078 1.2516
v  -0.7565 0.1497 1.2330
v  -0.8463 0.2007 1.1013
v  -0.9261 0.0884 1.0522
v  -0.1615 1.7650 0.0764
v  -0.1174 1.7241 0.1439
v  -0.1091 1.7500 0.0668
v  -0.1450 1.6944 -0.0158
v  -0.1869 1.7219 0.1335
v  -0.9287 0.2023 0.9323
v  -0.6739 0.2895 1.1978
v  -0.8292 0.2839 1.0489
v  -0.0760 1.6589 0.1498
v  -0.0468 1.4048 0.2170
v  -0.0474 1.6813 0.0717
v  -0.1633 1.5014 0.3234
v  -0.1057 1.4503 0.2722
v  -0.1758 1.6446 -0.0711
v  -0.0860 1.6420 -0.0437
v  -0.8785 0.0168 0.9818
v  -0.7290 -0.0206 1.1645
v  -0.6418 0.0674 1.2143
v  -0.5849 0.2342 1.1627
v  -0.5285 0.5422 1.0416
v  -0.6227 0.2691 1.2161
v  -0.5881 0.5551 1.0288
v  -0.7680 0.5215 0.8764
v  -0.8713 0.1287 0.8580
v  -0.8228 0.4551 0.7291
v  -0.7753 0.3905 0.6626
v  -0.5467 0.3305 0.7140
v  -0.6049 0.0765 0.8748
v  -0.5540 0.1803 1.0650
v  -0.4642 0.4270 0.9115
v  -0.4969 0.4977 0.9966
v  -0.3916 0.7242 0.8199
v  -0.4357 0.7790 0.8669
v  -0.4942 0.8011 0.8611
v  -0.6782 0.7805 0.7044
v  -0.6898 0.7057 0.5681
v  -0.6357 0.6347 0.4975
v  -0.4249 0.5665 0.5543
v  -0.3411 0.6533 0.7552
v  -0.3097 0.8186 0.4118
v  -0.2087 0.8908 0.5947
v  -0.2541 0.9559 0.6553
v  -0.3115 1.0185 0.6991
v  -0.3835 1.0423 0.6858
v  -0.5613 1.0249 0.5347
v  -0.5482 0.9330 0.4047
v  -0.4927 0.8682 0.3505
v  -0.2047 1.0619 0.2478
v  -0.0951 1.1444 0.4036
v  -0.1459 1.2038 0.4619
v  -0.2087 1.2584 0.5079
v  -0.2922 1.2793 0.5033
v  -0.4469 1.2497 0.3662
v  -0.4054 1.1459 0.2343
v  -0.3631 1.0925 0.1844
v  -0.2481 1.3457 0.0265
v  -0.1143 1.3297 0.0687
v  -0.2360 1.5154 0.3174
v  0.2988 1.5853 0.0910
v  0.3153 1.6489 0.1421
v  0.2749 1.6351 0.1402
v  0.3216 1.6564 0.0883
v  0.2879 1.6641 0.1518
v  0.4127 1.4417 0.0296
v  0.4329 1.4583 -0.0410
v  0.3909 1.6168 0.0427
v  0.3794 1.6886 -0.0119
v  0.3252 1.6672 -0.0341
v  0.7633 1.0223 0.0075
v  0.7250 1.1211 -0.0980
v  0.7488 1.0171 -0.0022
v  0.6424 1.1676 -0.0026
v  0.6589 0.9515 0.1078
v  0.6070 1.0443 0.0906
v  0.7821 1.0253 0.0611
v  0.8093 0.9990 0.0067
v  0.7896 1.0357 -0.0907
v  0.7565 1.1367 -0.0991
v  0.7326 1.0207 -0.0988
v  0.7076 0.9448 -0.0181
v  1.4085 0.2124 0.4136
v  1.4207 0.0811 0.3871
v  1.3769 0.1509 0.3170
v  0.2754 1.7014 0.1572
v  0.7257 1.2051 -0.1505
v  0.7190 1.1853 -0.1235
v  0.7258 1.2106 -0.1324
v  0.7441 1.1788 -0.1221
v  0.7281 1.2239 -0.1427
v  0.4137 1.5761 -0.0767
v  1.4420 0.1222 0.4419
v  1.3554 0.0451 0.4021
v  0.7168 1.1003 0.0480
v  0.7392 1.2083 -0.1538
v  0.7416 1.1905 -0.1591
v  1.3844 0.1137 0.5231
v  0.4790 1.5155 0.0294
v  0.3781 1.6027 0.1096
v  0.4721 1.4735 0.0617
v  0.4287 1.6079 0.0132
v  0.4704 1.4736 -0.0492
v  0.5461 1.2462 -0.0358
v  0.4449 1.5910 -0.0390
v  0.4959 1.4903 -0.0183
v  0.6059 1.2850 0.0053
v  0.5858 1.2673 -0.0303
v  0.5687 1.2802 0.0777
v  0.6618 1.1906 0.0348
v  0.6186 1.1907 0.1114
v  0.6763 1.0984 0.1463
v  0.5101 1.2414 0.0400
v  0.5586 1.1411 0.0645
v  0.7246 1.0086 0.1687
v  0.7995 0.7634 0.0875
v  0.7686 0.7791 0.1766
v  0.9875 0.6322 0.1227
v  0.9116 0.5825 0.1393
v  0.8791 0.8407 0.1499
v  1.0075 0.6780 0.2056
v  1.1351 0.5225 0.2709
v  1.1169 0.4676 0.1890
v  0.9511 0.6616 0.2749
v  1.0734 0.5073 0.3461
v  1.2038 0.3496 0.4163
v  1.2649 0.3643 0.3431
v  1.1361 0.2842 0.3882
v  1.0112 0.4409 0.3092
v  1.2477 0.1197 0.4741
v  1.3357 0.2043 0.5030
v  1.3147 0.0628 0.4962
v  1.1598 0.2557 0.2881
v  1.2843 0.0859 0.3549
v  1.2390 0.3083 0.2648
v  1.0360 0.4159 0.2153
v  0.8889 0.6029 0.2385
v  0.8248 0.8329 0.2239
v  0.8420 0.8590 0.0500
v  0.8119 0.9463 -0.0501
v  0.7554 0.9233 -0.0657
v  0.6061 1.1450 -0.0135
v  0.4058 1.6886 -0.0663
v  0.2792 1.8430 -0.1115
v  0.3072 1.8643 -0.0741
v  0.2786 1.8499 -0.0340
v  0.2509 1.8282 -0.0693
v  0.3640 1.6659 -0.1023
v  0.1403 1.9990 -0.1213
v  0.1704 2.0231 -0.1472
v  0.1885 2.0341 -0.1041
v  0.1568 2.0062 -0.0810
v  0.7616 1.1144 -0.1301
v  0.7217 1.1737 -0.1443
v  0.7269 1.1057 -0.1337
v  -0.3591 0.1471 1.8074
# 1548 vertices

vn 0.0047 0.5306 0.8476
vn -0.4825 -0.0844 0.8718
vn 0.2681 0.4111 0.8713
vn 0.6521 0.7504 0.1077
vn 0.0736 0.9947 0.0720
vn -0.7208 0.4944 0.4858
vn -0.1336 0.6826 -0.7185
vn 0.9960 0.0878 0.0172
vn 0.3984 -0.7569 0.5181
vn 0.6751 -0.7140 -0.1857
vn 0.7670 0.0440 0.6402
vn -0.1359 -0.5370 0.8326
vn 0.7231 0.6692 0.1713
vn 0.4865 0.2535 0.8361
vn 0.6267 0.1967 -0.7540
vn 0.0800 -0.6007 -0.7955
vn -0.1195 -0.9835 -0.1361
vn -0.6578 0.1993 -0.7264
vn -0.9847 -0.1714 0.0322
vn -0.4414 -0.2178 -0.8705
vn -0.8464 -0.5325 0.0054
vn -0.5686 -0.8172 -0.0940
vn -0.4028 -0.3769 -0.8341
vn 0.3062 0.4758 -0.8245
vn 0.2530 0.4768 -0.8418
vn 0.2963 0.5111 -0.8068
vn -0.4841 -0.1654 -0.8593
vn 0.7274 0.6861 -0.0093
vn 0.3744 0.4244 -0.8244
vn 0.5276 0.3233 0.7855
vn 0.7726 0.6178 0.1467
vn 0.4685 0.3313 0.8190
vn 0.7768 0.6155 0.1331
vn -0.4046 -0.1526 0.9017
vn -0.3113 -0.2723 0.9105
vn -0.3253 -0.2994 0.8970
vn -0.8561 -0.5070 -0.1004
vn -0.8048 -0.5833 -0.1095
vn -0.7211 -0.6899 -0.0635
vn -0.3522 -0.3264 0.8772
vn -0.3445 -0.3602 -0.8669
vn -0.4051 -0.2499 -0.8795
vn -0.3959 -0.3704 -0.8403
vn -0.6582 -0.7516 -0.0432
vn 0.3192 0.3788 -0.8687
vn 0.7255 0.6706 0.1551
vn 0.3711 0.3127 0.8744
vn -0.3140 -0.4045 0.8590
vn 0.3760 0.3316 0.8653
vn 0.7787 0.6125 0.1363
vn 0.4311 0.3445 -0.8339
vn -0.4829 -0.1766 -0.8577
vn -0.8844 -0.4547 -0.1051
vn 0.5270 0.4913 0.6934
vn 0.4295 0.2779 -0.8592
vn -0.2167 0.9716 -0.0949
vn -0.5779 0.7289 -0.3671
vn -0.7486 0.6441 -0.1573
vn -0.8844 0.4665 0.0170
vn -0.4739 0.7654 -0.4354
vn 0.0337 0.9222 -0.3851
vn -0.2016 0.7139 -0.6706
vn 0.1090 -0.6866 0.7188
vn -0.4812 -0.3359 0.8097
vn -0.3392 -0.8014 0.4927
vn -0.1953 -0.9808 -0.0009
vn 0.4351 -0.8150 0.3828
vn 0.2438 0.3795 0.8925
vn 0.3582 0.8971 0.2588
vn 0.1133 0.8760 0.4688
vn 0.1782 -0.2022 0.9630
vn -0.5826 0.2682 0.7672
vn -0.6292 0.7600 0.1628
vn -0.0186 -0.8846 -0.4660
vn -0.5687 -0.6720 -0.4743
vn -0.1715 -0.6550 -0.7360
vn 0.4736 -0.5168 -0.7132
vn 0.2336 -0.9101 -0.3423
vn -0.1699 -0.9460 -0.2761
vn 0.5537 -0.8270 -0.0973
vn -0.9312 -0.0277 0.3634
vn -0.7618 -0.6353 -0.1270
vn -0.7021 -0.6660 0.2520
vn -0.0273 0.9701 -0.2413
vn 0.5217 0.8165 -0.2473
vn 0.2479 0.7230 -0.6449
vn 0.8942 -0.4401 -0.0817
vn 0.8590 0.2688 0.4358
vn 0.8241 -0.4252 0.3742
vn 0.4627 -0.8646 0.1958
vn 0.5172 0.1269 -0.8464
vn 0.9747 0.2076 -0.0831
vn -0.3390 0.0506 -0.9394
vn -0.8005 0.0712 -0.5950
vn -0.9152 0.0536 -0.3995
vn -0.9905 0.0315 -0.1342
vn -0.0777 0.9817 -0.1741
vn -0.6530 -0.6933 -0.3048
vn -0.1719 -0.9735 -0.1509
vn 0.3985 0.9087 0.1243
vn 0.7076 0.2449 0.6628
vn 0.6977 -0.3616 0.6184
vn -0.9092 0.1563 0.3858
vn 0.0714 0.0900 0.9934
vn -0.6546 0.5488 0.5199
vn -0.5701 0.6194 -0.5397
vn 0.7161 0.4868 0.5002
vn 0.2135 0.9562 -0.2000
vn 0.8138 -0.3426 0.4694
vn 0.7792 0.2678 -0.5666
vn 0.1534 0.5615 -0.8131
vn -0.0600 -0.7334 -0.6772
vn -0.3194 -0.6301 0.7078
vn -0.8434 -0.4790 -0.2435
vn 0.5907 -0.8051 -0.0539
vn 0.0561 0.2161 -0.9748
vn 0.7319 -0.1669 -0.6607
vn -0.8517 0.0389 0.5225
vn 0.7534 -0.5481 0.3633
vn -0.1459 -0.4097 0.9005
vn -0.7878 0.3792 -0.4853
vn -0.7241 0.5938 -0.3509
vn -0.7945 0.1245 0.5944
vn 0.1564 0.3969 -0.9044
vn 0.8099 -0.1445 -0.5685
vn 0.7247 -0.5806 0.3712
vn -0.1285 -0.4060 0.9048
vn -0.7836 0.1616 0.6000
vn -0.7232 0.5618 -0.4016
vn 0.0877 0.3656 -0.9266
vn 0.8035 -0.1481 -0.5766
vn -0.0562 -0.3524 0.9341
vn 0.7409 -0.5330 0.4086
vn -0.0652 -0.3177 0.9459
vn -0.8074 0.1634 0.5669
vn -0.7369 0.5141 -0.4389
vn 0.8077 -0.1188 -0.5775
vn 0.7719 -0.4862 0.4097
vn 0.8506 -0.0506 -0.5234
vn 0.7558 -0.4892 0.4352
vn 0.1788 0.3986 -0.8995
vn -0.1513 -0.3673 0.9177
vn -0.8413 0.1028 0.5307
vn -0.7144 0.5320 -0.4545
vn 0.0908 0.3355 -0.9377
vn 0.2117 0.4901 -0.8455
vn 0.8827 0.0255 -0.4692
vn 0.7375 -0.4987 0.4555
vn -0.2210 -0.4293 0.8757
vn -0.8819 0.0536 0.4683
vn -0.7037 0.5583 -0.4395
vn -0.2246 -0.3047 0.9256
vn -0.8963 -0.3749 0.2368
vn -0.1593 -0.4552 0.8760
vn -0.2358 -0.2929 0.9266
vn -0.8587 0.2771 -0.4310
vn -0.8467 0.0152 -0.5318
vn -0.8759 -0.4150 0.2461
vn 0.1337 0.1374 -0.9814
vn 0.1778 -0.6259 -0.7594
vn -0.6222 -0.5242 -0.5814
vn 0.7297 -0.5702 -0.3774
vn 0.9996 -0.0191 0.0207
vn 0.1407 -0.9055 -0.4003
vn 0.4297 -0.8909 0.1473
vn -0.5285 -0.8475 0.0502
vn 0.1348 -0.7466 0.6515
vn 0.2501 0.9346 0.2528
vn 0.8599 0.2983 0.4144
vn -0.7057 0.2784 0.6515
vn 0.2665 0.6527 -0.7092
vn 0.3035 0.5729 -0.7613
vn 0.8873 0.1573 0.4335
vn 0.2088 0.5488 -0.8094
vn -0.0572 -0.4412 0.8956
vn -0.7717 -0.4497 0.4498
vn 0.0074 -0.4286 0.9035
vn -0.8150 -0.4356 0.3821
vn -0.9111 -0.0539 -0.4087
vn -0.8907 -0.0221 -0.4540
vn 0.1627 0.5235 -0.8363
vn 0.9312 0.2150 0.2943
vn 0.1199 0.5200 -0.8457
vn 0.0415 -0.4090 0.9116
vn 0.0436 -0.4169 0.9079
vn 0.9244 0.2525 0.2859
vn -0.7650 -0.4600 0.4508
vn -0.7520 -0.4587 0.4734
vn 0.0777 -0.4392 0.8950
vn -0.7465 -0.4926 0.4473
vn -0.9241 -0.0620 -0.3770
vn -0.9293 -0.0708 -0.3625
vn 0.0873 0.5626 -0.8221
vn 0.0636 0.5940 -0.8020
vn 0.0561 0.5559 -0.8293
vn -0.9110 -0.1304 -0.3912
vn 0.9331 0.2630 0.2451
vn 0.0941 -0.4764 0.8742
vn -0.7328 -0.5452 0.4072
vn 0.9230 0.2725 0.2718
vn -0.9203 -0.0748 -0.3840
vn 0.9191 0.1889 0.3458
vn 0.9304 0.1824 0.3180
vn 0.4668 -0.5936 -0.6556
vn 0.7276 0.6364 0.2562
vn 0.8825 0.4024 0.2435
vn 0.8540 -0.3166 0.4128
vn -0.4932 -0.4054 0.7697
vn -0.5475 -0.8153 0.1883
vn 0.3352 -0.8295 -0.4467
vn 0.5016 0.0325 -0.8645
vn -0.2289 0.9674 -0.1082
vn 0.9124 0.3641 0.1871
vn 0.3116 -0.5867 -0.7475
vn 0.1816 0.0041 0.9834
vn -0.3283 0.5763 0.7484
vn -0.9448 -0.3235 -0.0522
vn 0.3807 -0.6797 -0.6269
vn 0.8761 0.4030 0.2647
vn -0.3516 0.7191 0.5994
vn -0.9663 -0.2263 -0.1223
vn -0.9320 -0.2895 -0.2180
vn 0.4522 -0.6896 -0.5656
vn 0.8887 0.3771 0.2609
vn -0.3778 0.7211 0.5807
vn -0.9092 -0.3089 -0.2793
vn -0.4108 0.6566 0.6325
vn -0.8371 0.1201 -0.5336
vn -0.0715 0.8702 -0.4875
vn -0.8668 0.4616 0.1886
vn 0.2862 0.6781 0.6769
vn 0.8803 0.4201 -0.2204
vn 0.1718 -0.2898 0.9415
vn -0.2684 -0.5838 -0.7663
vn 0.0729 -0.5910 0.8034
vn -0.9671 -0.1900 -0.1692
vn 0.6581 -0.6763 -0.3310
vn 0.9678 0.2010 -0.1517
vn -0.0575 0.4596 -0.8862
vn 0.1104 -0.6026 0.7904
vn -0.0751 0.6534 -0.7532
vn 0.9642 0.1087 -0.2418
vn -0.0953 0.5707 -0.8156
vn -0.9964 0.0358 -0.0773
vn 0.1122 -0.5851 0.8031
vn -0.9972 0.0670 -0.0340
vn 0.1106 -0.4898 0.8648
vn 0.9595 0.1485 -0.2393
vn 0.9738 0.0952 -0.2066
vn -0.9935 0.1030 0.0479
vn -0.0781 0.4902 -0.8681
vn 0.4214 0.2262 0.8782
vn -0.2449 -0.7324 0.6353
vn 0.6208 -0.6473 0.4424
vn 0.9259 -0.3748 -0.0476
vn 0.1192 -0.9912 -0.0572
vn 0.4056 -0.7075 -0.5787
vn -0.2188 -0.9757 0.0130
vn 0.7416 -0.6534 0.1521
vn 0.7061 0.6514 0.2778
vn 0.5507 0.2557 -0.7946
vn 0.6520 0.6839 -0.3275
vn -0.1953 0.2856 -0.9383
vn -0.5635 0.6645 -0.4908
vn -0.5966 -0.4438 -0.6686
vn -0.4340 0.7005 0.5666
vn -0.9861 -0.1573 -0.0544
vn -0.8956 -0.1291 0.4257
vn -0.4287 0.9034 -0.0106
vn 0.7295 0.6745 0.1130
vn -0.4606 0.8840 -0.0804
vn -0.9753 -0.1856 -0.1199
vn -0.1347 -0.9907 0.0204
vn -0.5626 0.8207 -0.0994
vn -0.9460 -0.2699 -0.1793
vn -0.0987 -0.9950 -0.0173
vn 0.7614 -0.6304 0.1514
vn -0.9626 -0.2694 -0.0296
vn 0.8072 -0.5817 0.1001
vn -0.1257 -0.9919 -0.0154
vn 0.8440 -0.5359 0.0196
vn 0.6580 0.7520 0.0389
vn 0.6591 0.7513 0.0347
vn 0.8907 -0.4545 -0.0097
vn 0.6472 0.7602 0.0568
vn -0.6097 0.7914 0.0435
vn -0.6292 0.7614 -0.1563
vn -0.6144 0.7887 0.0183
vn -0.8844 -0.4181 -0.2074
vn -0.9408 -0.3370 -0.0369
vn -0.0058 -0.9999 -0.0085
vn 0.9209 -0.3791 0.0904
vn 0.6569 0.7536 0.0242
vn -0.1990 0.9543 0.2229
vn -0.9080 0.0053 0.4189
vn 0.3963 0.1116 0.9113
vn 0.9008 -0.4280 -0.0739
vn -0.2441 -0.7787 -0.5779
vn 0.3277 -0.6160 -0.7163
vn 0.4461 0.4718 -0.7605
vn 0.9171 -0.2881 0.2756
vn 0.2856 0.9429 -0.1715
vn -0.7242 0.3186 -0.6116
vn -0.2017 -0.9195 0.3374
vn -0.9209 0.0507 -0.3866
vn 0.8892 -0.1446 0.4341
vn -0.0727 -0.9973 0.0067
vn -0.1900 -0.9812 -0.0330
vn -0.9023 0.1884 -0.3877
vn -0.2565 -0.9626 -0.0875
vn 0.8849 -0.2551 0.3898
vn 0.1813 0.9772 0.1107
vn 0.8697 -0.2344 0.4344
vn -0.2510 -0.9502 -0.1845
vn 0.2371 0.9619 0.1361
vn -0.8655 0.2902 -0.4083
vn 0.1285 0.9893 0.0695
vn 0.9049 -0.0659 0.4205
vn 0.0593 0.9977 0.0317
vn -0.8898 0.2379 -0.3894
vn 0.7616 -0.6474 0.0280
vn 0.1370 0.1981 0.9706
vn -0.2550 -0.5484 0.7964
vn 0.1078 -0.9596 0.2599
vn -0.6663 -0.5771 0.4722
vn -0.3645 -0.5309 -0.7650
vn 0.1169 -0.7666 -0.6314
vn 0.0746 0.2852 -0.9556
vn 0.1458 0.9893 -0.0108
vn 0.5330 0.3530 -0.7689
vn -0.7021 0.1753 -0.6901
vn -0.3192 0.8698 -0.3763
vn -0.8852 -0.4309 -0.1752
vn -0.8675 0.4900 0.0854
vn -0.5384 0.5533 0.6356
vn 0.5332 0.8458 -0.0173
vn 0.9840 -0.1770 -0.0218
vn 0.7758 0.0351 -0.6300
vn 0.7661 0.4099 0.4950
vn -0.8158 -0.3502 0.4602
vn -0.3356 0.6233 0.7063
vn -0.3973 0.6700 0.6272
vn 0.4029 0.9111 -0.0878
vn 0.7099 0.1845 -0.6797
vn 0.7265 0.2135 -0.6531
vn 0.3150 0.9476 -0.0532
vn 0.2183 -0.8429 -0.4917
vn 0.2531 -0.8218 -0.5105
vn 0.6900 0.2676 -0.6725
vn -0.7456 -0.4690 0.4733
vn -0.6639 -0.4709 0.5809
vn -0.6050 -0.5293 0.5948
vn -0.4048 0.6089 0.6822
vn -0.4167 0.6398 0.6458
vn -0.5472 -0.5638 0.6186
vn 0.1847 0.9819 -0.0417
vn 0.5973 0.3213 -0.7348
vn 0.2314 -0.8261 -0.5138
vn 0.2495 0.9654 -0.0762
vn -0.3942 0.6615 0.6379
vn 0.1663 -0.8154 -0.5545
vn 0.1445 -0.8447 -0.5153
vn -0.0499 -0.1317 0.9900
vn 0.0655 0.9970 0.0400
vn -0.8806 0.4518 0.1431
vn 0.9041 0.1257 -0.4084
vn 0.3280 -0.7284 0.6015
vn 0.6260 -0.7768 -0.0686
vn -0.1058 0.8381 -0.5352
vn 0.8921 0.4426 0.0906
vn -0.6868 -0.2264 -0.6907
vn 0.1905 0.4027 -0.8953
vn -0.1089 -0.9401 -0.3232
vn -0.9512 -0.2758 -0.1380
vn 0.1331 -0.5901 0.7963
vn -0.9530 -0.0559 -0.2976
vn 0.1004 0.7446 -0.6600
vn 0.1268 0.6556 -0.7444
vn 0.9087 0.4007 0.1172
vn 0.9253 0.3745 0.0603
vn -0.9222 -0.3470 -0.1705
vn 0.1556 -0.5444 0.8243
vn -0.9394 -0.1524 -0.3071
vn -0.0240 0.7073 -0.7065
vn 0.2382 -0.6677 0.7053
vn 0.9255 0.3692 0.0852
vn 0.7551 0.6150 0.2271
vn -0.6324 0.7458 -0.2096
vn -0.4971 0.6573 -0.5664
vn -0.7714 0.5432 -0.3315
vn -0.8705 0.4919 -0.0155
vn -0.8463 0.4814 0.2283
vn 0.5508 -0.7273 0.4094
vn 0.1032 -0.2761 0.9556
vn 0.1720 -0.9033 0.3929
vn 0.3966 -0.8972 -0.1941
vn 0.7014 -0.6997 -0.1362
vn 0.9787 -0.0481 -0.1996
vn 0.9177 0.0191 0.3967
vn 0.5214 0.5217 -0.6753
vn 0.7519 -0.1711 -0.6367
vn -0.1066 -0.9763 0.1884
vn -0.5065 -0.5480 0.6657
vn -0.7084 -0.7058 0.0001
vn -0.1167 -0.4510 -0.8849
vn 0.1490 -0.9473 -0.2837
vn -0.5301 -0.6784 -0.5086
vn -0.5194 0.7176 0.4640
vn -0.0523 0.9547 0.2929
vn -0.4017 0.8928 -0.2039
vn -0.7955 0.0191 0.6057
vn -0.1689 0.3302 0.9287
vn -0.3248 0.7341 -0.5964
vn 0.2223 0.5252 -0.8214
vn 0.0240 0.4486 -0.8934
vn -0.4010 0.2534 -0.8803
vn -0.8490 0.0211 -0.5280
vn -0.9995 -0.0324 0.0002
vn 0.3677 0.6386 0.6760
vn 0.7044 0.6465 0.2930
vn 0.2855 0.9357 -0.2073
vn -0.0673 0.8671 -0.4935
vn 0.5086 -0.2736 -0.8164
vn 0.2980 -0.3538 -0.8866
vn 0.6705 0.7153 -0.1968
vn -0.8867 0.1733 -0.4285
vn -0.6116 -0.7895 0.0518
vn -0.9733 0.0525 0.2233
vn 0.2474 0.2131 0.9452
vn -0.5264 -0.2363 0.8167
vn 0.0225 -0.7404 0.6718
vn 0.8448 -0.4859 0.2242
vn 0.9344 -0.0397 -0.3540
vn 0.9271 0.2811 0.2478
vn -0.6508 -0.0348 0.7585
vn -0.4246 0.7486 0.5092
vn 0.4024 0.0227 -0.9152
vn 0.0545 -0.9491 -0.3103
vn -0.4602 0.0055 -0.8878
vn 0.5117 -0.6219 -0.5928
vn 0.2957 0.8997 -0.3210
vn 0.7402 0.3267 -0.5877
vn -0.8028 0.1513 -0.5767
vn -0.1156 0.9897 -0.0850
vn 0.7355 0.4222 0.5299
vn 0.6264 -0.6410 0.4436
vn -0.2756 -0.9428 -0.1876
vn -0.3293 -0.8923 -0.3089
vn -0.8173 0.1375 -0.5597
vn -0.1583 0.9857 -0.0586
vn 0.7337 0.4843 0.4766
vn 0.5925 -0.7183 0.3646
vn -0.8474 0.1717 -0.5025
vn -0.1444 0.9869 -0.0717
vn 0.7631 0.4696 0.4441
vn 0.5998 -0.7199 0.3492
vn -0.3734 -0.8828 -0.2849
vn -0.4405 -0.8702 -0.2204
vn 0.5930 -0.7208 0.3589
vn -0.8579 0.2110 -0.4684
vn -0.1432 0.9895 -0.0207
vn 0.7452 0.4242 0.5145
vn 0.5027 -0.7619 0.4084
vn -0.4494 -0.8578 -0.2495
vn -0.1768 0.9739 0.1422
vn 0.6518 0.3758 0.6587
vn -0.2342 0.9703 -0.0612
vn 0.4984 0.6959 0.5170
vn 0.3971 0.8092 0.4329
vn -0.2618 0.9650 -0.0180
vn -0.1017 0.9947 0.0148
vn 0.0065 0.9847 0.1743
vn 0.1417 0.8350 0.5317
vn -0.0304 0.9065 0.4212
vn 0.0374 0.7088 0.7044
vn 0.1411 0.9303 0.3385
vn -0.1469 0.9790 -0.1411
vn -0.4435 0.8610 0.2491
vn -0.1846 0.9734 -0.1356
vn -0.1578 0.9822 -0.1014
vn 0.0472 0.9625 0.2673
vn -0.0556 0.9704 0.2350
vn -0.1456 0.9574 0.2493
vn -0.1743 0.9474 0.2684
vn -0.4638 0.8851 0.0391
vn -0.0748 0.9967 -0.0300
vn 0.1243 0.9646 0.2324
vn 0.0192 0.9341 0.3565
vn -0.0881 0.9933 0.0746
vn -0.0833 0.9965 -0.0009
vn 0.4058 0.9076 -0.1075
vn 0.1437 0.9896 -0.0047
vn -0.3721 0.5202 0.7687
vn -0.4347 0.8586 0.2718
vn -0.7000 0.4431 0.5601
vn 0.1411 0.9410 0.3075
vn -0.0858 0.6857 0.7228
vn 0.2828 0.8103 0.5132
vn 0.1514 0.9647 -0.2152
vn -0.0028 0.9426 -0.3338
vn -0.3476 0.8505 0.3946
vn -0.1953 0.9429 0.2697
vn -0.2144 0.9697 -0.1170
vn -0.2269 0.8478 -0.4793
vn -0.1698 0.9207 -0.3513
vn -0.1395 0.9882 -0.0628
vn -0.2015 0.9616 -0.1865
vn -0.0909 0.9923 0.0846
vn 0.5009 0.8534 -0.1443
vn 0.0132 0.9952 -0.0965
vn 0.1292 0.9916 -0.0050
vn 0.0920 0.9863 -0.1368
vn 0.0398 0.9178 -0.3951
vn -0.2252 0.9036 -0.3644
vn -0.3492 0.8767 -0.3309
vn -0.1968 0.9629 -0.1844
vn -0.0025 0.9998 -0.0198
vn 0.1702 0.9845 -0.0433
vn 0.1866 0.9816 0.0396
vn 0.1563 0.9793 -0.1283
vn 0.1131 0.9851 -0.1299
vn 0.0930 0.9942 0.0545
vn -0.3893 0.9104 -0.1402
vn -0.1077 0.9827 -0.1505
vn -0.2546 0.8920 -0.3736
vn 0.0394 0.9911 -0.1273
vn -0.1045 0.9590 -0.2636
vn -0.1223 0.9721 -0.2004
vn 0.0339 0.9994 0.0051
vn -0.3046 0.9327 0.1930
vn 0.0299 0.9708 0.2379
vn -0.0449 0.9887 -0.1429
vn 0.1247 0.9917 -0.0314
vn 0.5509 0.8298 0.0887
vn 0.8904 0.1911 0.4132
vn 0.6457 0.7165 0.2641
vn 0.0826 0.9878 0.1320
vn -0.0201 0.9736 0.2274
vn -0.1994 0.9674 -0.1561
vn 0.3592 0.9295 0.0836
vn 0.2515 0.9674 -0.0292
vn -0.0348 0.9983 -0.0475
vn 0.7901 0.6084 -0.0755
vn -0.1735 0.9407 -0.2914
vn -0.4374 0.8992 0.0088
vn 0.0578 0.9929 0.1039
vn 0.2247 0.9744 0.0012
vn 0.0419 0.9990 0.0133
vn 0.0887 0.9879 0.1270
vn -0.0360 0.9972 0.0657
vn 0.0351 0.9994 -0.0023
vn 0.0357 0.9965 0.0752
vn 0.0247 0.9981 -0.0562
vn -0.0931 0.9939 0.0589
vn 0.4673 0.5230 -0.7129
vn 0.3763 0.8244 -0.4228
vn 0.6999 0.6102 -0.3711
vn 0.0686 0.9887 0.1331
vn 0.0192 0.9669 0.2545
vn -0.4671 0.6236 -0.6269
vn -0.3194 0.8237 -0.4685
vn -0.4456 0.8050 -0.3916
vn -0.5793 0.8021 0.1452
vn -0.4433 0.1843 -0.8772
vn -0.5995 0.4569 -0.6571
vn -0.1070 0.8613 -0.4966
vn -0.2067 0.6219 -0.7553
vn 0.4024 0.5274 -0.7482
vn 0.1745 0.9472 -0.2691
vn 0.0737 0.9067 -0.4152
vn -0.2423 0.9696 -0.0337
vn -0.0459 0.9941 0.0987
vn -0.0926 0.9957 0.0014
vn -0.1507 0.9693 0.1942
vn 0.1626 0.9041 -0.3953
vn 0.1335 0.8686 -0.4773
vn 0.4270 0.6936 -0.5801
vn 0.1915 0.7832 -0.5916
vn 0.1469 0.3667 -0.9187
vn 0.0986 0.8611 -0.4987
vn 0.0710 0.9910 0.1139
vn 0.0015 0.9884 0.1518
vn 0.1689 0.4855 -0.8577
vn -0.0036 0.9949 0.1005
vn -0.0400 0.9987 -0.0318
vn 0.0468 0.9910 -0.1251
vn -0.4166 0.9061 0.0742
vn -0.2068 0.9784 -0.0057
vn -0.4784 0.8191 -0.3167
vn -0.1237 0.9816 -0.1451
vn -0.6949 0.7155 -0.0717
vn -0.4843 -0.8164 -0.3145
vn 0.7202 0.6657 -0.1955
vn 0.8224 0.5648 0.0674
vn 0.2140 0.9768 -0.0101
vn -0.7299 0.6235 0.2801
vn -0.3865 0.8575 0.3395
vn -0.5898 0.5562 0.5855
vn -0.1491 0.9183 0.3667
vn -0.6030 0.6540 0.4568
vn -0.0762 0.8872 0.4550
vn 0.2492 0.6885 0.6811
vn 0.2094 0.5167 0.8301
vn 0.5427 0.4773 0.6911
vn 0.4487 0.6354 0.6284
vn 0.0825 0.9893 0.1201
vn 0.1583 0.9794 0.1253
vn 0.0296 0.9987 0.0426
vn 0.0544 0.9935 -0.1002
vn 0.0571 0.9865 0.1538
vn 0.1234 0.9843 0.1261
vn 0.1160 0.9853 0.1253
vn 0.9263 0.2978 0.2309
vn -0.5627 0.3742 -0.7371
vn -0.8471 0.5294 0.0456
vn -0.7916 0.5547 -0.2563
vn -0.5804 0.5243 0.6231
vn -0.6937 0.4848 0.5327
vn 0.0709 0.1505 -0.9861
vn -0.2091 -0.5038 0.8381
vn -0.9207 -0.1914 0.3401
vn -0.7395 -0.6732 -0.0011
vn -0.6735 0.0188 0.7389
vn 0.2274 0.1471 0.9626
vn -0.5106 0.4709 0.7194
vn 0.2566 -0.0226 0.9663
vn 0.9700 0.0628 -0.2349
vn 0.2552 0.7833 0.5669
vn 0.0492 0.9302 -0.3637
vn -0.6929 0.6046 0.3930
vn -0.0335 0.4758 -0.8789
vn -0.6703 0.5641 -0.4822
vn 0.8438 -0.4723 -0.2548
vn -0.0422 0.0447 -0.9981
vn 0.4754 -0.7149 0.5127
vn 0.6222 -0.6931 -0.3639
vn 0.8251 -0.3509 0.4428
vn -0.0643 -0.9815 -0.1805
vn -0.5336 0.7500 0.3909
vn 0.1992 0.7703 0.6057
vn -0.1423 0.7540 0.6413
vn -0.3813 0.4634 0.7999
vn -0.7397 0.6618 0.1218
vn -0.7111 0.7023 0.0338
vn 0.9067 -0.2975 0.2992
vn 0.8105 -0.2565 0.5265
vn 0.6188 -0.1928 0.7615
vn 0.5848 -0.7554 -0.2955
vn 0.5817 -0.6746 -0.4544
vn 0.2939 -0.5546 0.7785
vn -0.1160 -0.5875 -0.8009
vn -0.8143 -0.2018 -0.5442
vn -0.9641 0.2485 0.0935
vn -0.7201 0.2641 -0.6417
vn -0.0771 -0.2994 -0.9510
vn 0.6807 -0.6215 -0.3879
vn 0.7937 -0.2946 0.5322
vn 0.1428 0.3439 0.9281
vn -0.4720 0.6151 0.6315
vn -0.8120 0.5830 0.0279
vn -0.5421 0.6287 0.5576
vn -0.7464 0.6650 -0.0272
vn -0.6055 0.2991 -0.7375
vn 0.0065 -0.2998 -0.9540
vn 0.6187 -0.7012 -0.3543
vn 0.5863 -0.4608 0.6663
vn -0.1278 0.2661 0.9554
vn -0.6059 0.3385 -0.7200
vn 0.0270 -0.3271 -0.9446
vn -0.3858 0.3699 0.8452
vn 0.4851 -0.0339 0.8738
vn 0.1475 -0.3042 -0.9411
vn 0.7481 -0.5320 -0.3966
vn 0.5491 -0.0088 0.8357
vn -0.7903 0.6127 0.0021
vn -0.6061 0.3424 -0.7179
vn 0.0365 -0.2862 -0.9575
vn -0.5305 0.1995 -0.8239
vn 0.2605 -0.1697 -0.9505
vn 0.8413 -0.4012 -0.3622
vn 0.8389 -0.3722 -0.3971
vn 0.4478 0.0024 0.8942
vn -0.7311 0.4072 0.5475
vn 0.3541 -0.0635 0.9330
vn -0.1587 -0.0296 -0.9869
vn 0.8150 -0.4463 -0.3696
vn 0.8232 -0.4539 -0.3411
vn 0.3229 -0.0868 0.9425
vn -0.7326 0.4271 0.5299
vn -0.8462 0.3689 -0.3845
vn -0.1385 -0.0060 -0.9904
vn 0.8329 -0.4512 -0.3205
vn 0.2867 -0.0652 0.9558
vn -0.7255 0.5132 0.4584
vn -0.7305 0.4779 -0.4879
vn -0.8219 0.4011 -0.4045
vn -0.0982 0.0739 -0.9924
vn 0.8156 -0.5107 -0.2721
vn 0.2362 -0.0849 0.9680
vn -0.7013 0.5081 0.4999
vn -0.7379 0.4872 -0.4671
vn -0.0641 0.0267 -0.9976
vn 0.6906 -0.4933 -0.5289
vn 0.3842 -0.8388 -0.3858
vn 0.1176 -0.3784 -0.9181
vn 0.7423 -0.6651 -0.0818
vn 0.5955 -0.3797 -0.7080
vn -0.7319 0.5367 0.4199
vn -0.8142 0.5331 0.2300
vn -0.7437 0.4942 0.4502
vn -0.5241 0.8023 0.2856
vn -0.6611 0.7026 0.2632
vn 0.4662 0.4360 -0.7698
vn -0.2777 0.9300 -0.2410
vn 0.2052 0.7990 0.5653
vn -0.6123 0.5284 -0.5881
vn -0.0050 0.2244 -0.9745
vn 0.2726 0.1364 -0.9524
vn 0.1726 0.0385 -0.9842
vn -0.0073 0.8991 -0.4376
vn -0.0559 0.7845 0.6176
vn -0.2006 0.9778 -0.0609
vn -0.5492 0.8047 0.2256
vn -0.5629 0.5195 0.6429
vn -0.7972 0.5432 0.2632
vn -0.6078 0.7722 -0.1852
vn 0.9539 0.1104 0.2792
vn 0.9416 0.2289 -0.2470
vn 0.5603 0.8267 0.0506
vn -0.7613 0.5307 0.3724
vn -0.8704 0.2236 0.4387
vn -0.7384 0.5553 0.3825
vn -0.7462 0.4405 0.4991
vn -0.8590 0.3582 0.3658
vn -0.7741 0.4049 0.4866
vn -0.7236 0.4539 0.5199
vn -0.7272 0.2335 0.6454
vn 0.1896 0.8876 -0.4198
vn 0.9297 -0.3478 -0.1214
vn 0.6279 0.3316 -0.7041
vn -0.1348 0.7018 -0.6995
vn 0.5631 -0.2519 -0.7871
vn 0.5346 0.0077 -0.8450
vn -0.2256 0.6376 -0.7365
vn 0.5372 -0.8431 0.0225
vn -0.0813 -0.9965 -0.0216
vn 0.5676 -0.6662 0.4837
vn 0.3136 -0.8842 0.3463
vn -0.6522 -0.6614 0.3703
vn -0.9028 -0.4280 -0.0421
vn -0.2899 -0.7409 -0.6059
vn 0.1016 -0.1333 -0.9858
vn 0.5786 -0.3587 -0.7325
vn 0.7722 -0.6179 -0.1481
vn 0.6545 -0.6052 0.4533
vn -0.0759 -0.2090 0.9750
vn -0.2510 -0.5783 0.7762
vn -0.6085 0.3533 0.7106
vn 0.0864 -0.2334 0.9685
vn -0.5345 0.2733 0.7998
vn -0.7053 0.4334 0.5610
vn -0.7743 0.5820 0.2483
vn -0.8104 0.4950 0.3134
vn -0.7051 0.3151 -0.6353
vn -0.8728 -0.0144 -0.4879
vn -0.8757 0.2784 0.3945
vn -0.5008 0.5446 -0.6728
vn 0.2063 -0.0085 -0.9784
vn -0.5760 0.4498 -0.6826
vn 0.5763 -0.2450 -0.7797
vn 0.8095 -0.5631 -0.1661
vn 0.6979 -0.5348 0.4764
vn 0.1512 -0.1683 0.9741
vn -0.4845 0.2663 0.8333
vn -0.7022 0.4322 0.5658
vn -0.7405 0.4860 0.4641
vn -0.7183 0.4374 0.5410
vn -0.7847 0.5128 0.3483
vn -0.7189 0.6914 -0.0718
vn 0.5774 0.1098 -0.8091
vn 0.8478 -0.5034 -0.1671
vn 0.8154 -0.5456 -0.1933
vn 0.6931 -0.4999 0.5193
vn 0.7013 -0.5286 0.4784
vn 0.1456 -0.1900 0.9709
vn 0.1783 -0.1460 0.9731
vn -0.4451 0.2383 0.8632
vn -0.4941 0.2439 0.8345
vn -0.7397 0.4280 0.5194
vn 0.2265 0.2419 0.9435
vn 0.6466 0.3146 0.6949
vn 0.2069 0.9113 0.3559
vn 0.3305 -0.2341 0.9143
vn -0.0692 0.2421 0.9678
vn 0.6703 -0.3526 0.6530
vn -0.4764 0.2582 0.8404
vn 0.1488 0.8490 0.5071
vn -0.4435 0.8846 -0.1445
vn 0.1453 -0.8951 -0.4216
vn 0.0370 -0.0198 -0.9991
vn 0.4300 -0.3303 -0.8402
vn 0.3941 -0.9182 -0.0407
vn 0.9618 -0.2048 0.1816
vn 0.2743 -0.9139 0.2993
vn -0.0661 -0.8431 -0.5337
vn 0.4425 0.7226 -0.5310
vn 0.8185 0.5745 -0.0020
vn 0.7595 0.3492 -0.5488
vn -0.9774 0.1934 0.0854
vn 0.7044 -0.1568 0.6923
vn -0.0797 0.9227 -0.3771
vn -0.7886 0.2450 -0.5640
vn 0.4480 0.7964 0.4062
vn -0.6959 -0.6937 -0.1857
vn 0.0024 -0.8775 0.4795
vn -0.2815 -0.8073 0.5187
vn -0.7206 -0.5125 0.4669
vn 0.3336 -0.0742 0.9398
vn -0.0179 -0.0023 0.9998
vn -0.6626 0.1657 -0.7304
vn -0.4936 -0.7494 -0.4414
vn -0.2567 -0.7972 -0.5465
vn -0.3174 0.1317 -0.9391
vn 0.1203 0.8535 -0.5071
vn 0.6046 0.7479 0.2740
vn 0.8019 0.5678 0.1858
vn 0.5345 -0.0776 0.8416
vn 0.1468 -0.9058 0.3975
vn -0.7079 0.6673 0.2315
vn -0.2755 0.8922 0.3580
vn -0.4277 0.8922 -0.1453
vn 0.2315 0.9667 0.1087
vn -0.7711 0.1557 0.6174
vn -0.1600 0.5875 0.7933
vn 0.3159 0.8338 0.4528
vn -0.1563 0.7645 -0.6253
vn 0.1702 0.9714 -0.1653
vn 0.3982 0.7449 -0.5354
vn 0.5049 0.5715 0.6469
vn 0.4803 0.0884 0.8726
vn 0.6969 0.4013 0.5944
vn 0.7381 0.5940 0.3199
vn 0.0919 -0.9906 0.1011
vn -0.0558 -0.9887 0.1392
vn 0.0531 -0.9982 -0.0292
vn -0.7635 -0.6456 0.0179
vn -0.1836 -0.9830 0.0017
vn -0.5769 -0.6449 0.5013
vn 0.3462 -0.5907 -0.7289
vn 0.6873 -0.6384 -0.3466
vn -0.9831 0.1830 -0.0022
vn -0.2259 -0.5901 0.7751
vn 0.0731 0.2944 0.9529
vn 0.9169 0.1905 -0.3508
vn 0.5022 0.2565 -0.8258
vn 0.6788 0.7200 -0.1441
vn -0.3541 0.2598 -0.8984
vn -0.8687 0.2173 -0.4452
vn -0.6839 -0.6532 -0.3249
vn 0.0139 -0.9789 0.2038
vn 0.6236 -0.6632 0.4139
vn 0.2220 -0.6276 0.7462
vn 0.8755 0.1246 0.4669
vn 0.9823 0.1605 0.0960
vn -0.3473 -0.5480 -0.7610
vn -0.0373 -0.9868 -0.1573
vn 0.7569 -0.6535 0.0123
vn -0.4922 0.0152 0.8704
vn -0.1669 -0.8937 0.4164
vn -0.0325 0.0633 0.9975
vn -0.7949 0.3528 0.4936
vn -0.7101 -0.4766 0.5183
vn 0.3426 0.0741 0.9366
vn 0.8783 -0.2897 0.3804
vn 0.5341 0.6624 0.5252
vn 0.2776 -0.8688 0.4100
vn -0.9930 0.0961 0.0682
vn -0.9516 -0.0953 0.2922
vn -0.8765 0.3410 0.3399
vn -0.8189 0.5185 0.2461
vn -0.7493 0.6446 -0.1521
vn -0.3261 0.9383 0.1152
vn -0.6462 0.6959 0.3133
vn -0.8849 0.2996 0.3566
vn 0.4837 0.5442 -0.6855
vn 0.5900 -0.4785 -0.6503
vn 0.4732 -0.3350 -0.8148
vn 0.0617 -0.8583 -0.5094
vn -0.3970 -0.9160 -0.0584
vn -0.5621 -0.5275 -0.6370
vn -0.0244 0.0534 -0.9983
vn 0.3391 -0.2889 -0.8953
vn 0.3858 0.5381 -0.7494
vn 0.2622 -0.9615 -0.0820
vn 0.1811 -0.9297 -0.3207
vn 0.2555 -0.8893 -0.3792
vn 0.8891 -0.4372 -0.1354
vn -0.1053 -0.9940 0.0310
vn -0.4706 -0.8399 0.2703
vn -0.8526 -0.3479 0.3899
vn -0.7810 -0.6008 0.1707
vn -0.3573 0.7687 0.5305
vn -0.0507 0.9304 0.3632
vn 0.0748 0.9394 -0.3347
vn -0.4584 0.4965 -0.7372
vn -0.9048 -0.2181 -0.3659
vn 0.7797 0.3362 -0.5283
vn 0.6783 0.7329 -0.0536
vn 0.2507 0.9578 -0.1408
vn -0.9516 0.0157 0.3070
vn 0.3184 0.8818 0.3480
vn -0.6463 0.6565 -0.3889
vn -0.2329 -0.5271 0.8173
vn -0.0799 0.2825 0.9559
vn 0.3526 -0.3535 0.8665
vn 0.7163 0.6978 -0.0056
vn -0.5514 -0.8319 0.0619
vn -0.0658 -0.3735 -0.9253
vn 0.6611 -0.7134 0.2323
vn 0.8653 0.3918 -0.3126
vn -0.7562 -0.6495 -0.0799
vn -0.4140 0.3585 -0.8367
vn 0.7059 0.7044 -0.0744
vn 0.4466 -0.3070 0.8404
vn -0.7158 -0.6939 0.0778
vn 0.3075 -0.3409 0.8884
vn -0.7585 -0.6515 -0.0170
vn -0.3245 0.3750 -0.8684
vn 0.7037 0.7101 -0.0217
vn 0.3364 -0.3055 0.8908
vn 0.7469 0.6637 -0.0401
vn -0.7223 -0.6915 0.0094
vn -0.2791 0.2894 -0.9156
vn -0.3107 0.4000 -0.8622
vn -0.2733 0.8486 -0.4530
vn 0.2226 0.6820 -0.6966
vn -0.3306 0.3586 -0.8730
vn -0.8016 0.1512 -0.5784
vn -0.7571 0.6285 -0.1782
vn -0.3274 -0.4166 0.8481
vn -0.1264 -0.9695 0.2099
vn 0.0008 -0.8132 0.5820
vn 0.3101 -0.9494 0.0501
vn 0.4047 -0.7967 0.4488
vn 0.6502 0.7352 0.1915
vn 0.8304 -0.0222 0.5567
vn 0.9917 0.1182 0.0502
vn 0.5299 0.4886 0.6932
vn 0.2636 -0.1926 0.9452
vn 0.1423 0.9442 0.2972
vn 0.0980 0.6042 0.7908
vn 0.7258 -0.6301 0.2759
vn 0.7529 -0.6572 -0.0341
vn -0.4629 0.8112 0.3574
vn -0.9712 0.0466 0.2335
vn -0.8635 0.1976 0.4640
vn -0.3789 0.3466 0.8581
vn -0.0059 -0.9846 -0.1747
vn 0.0075 -0.8600 -0.5102
vn 0.3088 -0.8565 -0.4136
vn -0.9891 -0.1306 -0.0682
vn -0.4635 -0.6877 -0.5588
vn 0.0243 -0.6438 -0.7648
vn -0.1762 -0.2370 -0.9554
vn 0.4375 -0.5769 -0.6898
vn 0.4775 0.0591 -0.8766
vn 0.8736 0.2047 -0.4414
vn 0.5584 0.7761 -0.2930
vn 0.0576 0.9935 -0.0985
vn -0.5645 0.8240 0.0485
vn -0.6450 -0.6179 0.4497
vn -0.5968 -0.7711 0.2217
vn -0.0269 -0.9978 0.0607
vn 0.3806 -0.9110 -0.1587
vn 0.7591 -0.5290 -0.3794
vn -0.5507 -0.8298 -0.0904
vn 0.6753 -0.5045 -0.5379
vn 0.7962 0.3178 -0.5148
vn 0.9647 -0.1871 -0.1851
vn 0.7216 0.2191 0.6567
vn 0.0859 -0.6058 -0.7910
vn -0.7261 -0.6755 0.1285
vn -0.4237 -0.3541 -0.8337
vn 0.1584 0.9874 0.0018
vn -0.1060 0.5346 0.8384
vn 0.5855 0.4412 0.6801
vn 0.5130 0.7578 -0.4032
vn 0.7758 0.2782 0.5663
vn -0.8994 -0.1193 0.4205
vn -0.5731 0.8030 -0.1637
vn -0.9123 0.2949 -0.2841
vn -0.6213 0.2442 0.7446
vn 0.0306 -0.2382 0.9707
vn -0.8151 -0.4582 0.3545
vn -0.8402 -0.0112 -0.5422
vn -0.3194 0.5318 -0.7843
vn -0.1699 0.4140 -0.8943
vn -0.7910 -0.0683 -0.6080
vn 0.6326 0.6416 -0.4338
vn 0.7563 0.3152 0.5733
vn 0.6402 0.6381 -0.4277
vn -0.0440 -0.3917 0.9190
vn -0.0965 -0.3490 0.9321
vn 0.6854 0.3355 0.6463
vn -0.8566 -0.4887 0.1657
vn -0.1673 -0.3080 0.9366
vn -0.8467 -0.5160 0.1301
vn -0.1109 -0.3212 0.9405
vn -0.6590 -0.1375 -0.7395
vn -0.8176 -0.5524 0.1623
vn -0.5860 -0.2080 -0.7832
vn -0.0461 0.2994 -0.9530
vn 0.0733 0.2325 -0.9698
vn 0.7120 0.5147 -0.4776
vn 0.6823 0.5817 -0.4429
vn 0.2199 -0.0110 -0.9755
vn 0.7287 0.2026 0.6542
vn -0.1466 -0.3149 0.9377
vn -0.0945 -0.3498 0.9320
vn 0.7412 -0.1634 0.6511
vn 0.3171 -0.8075 0.4974
vn -0.2146 -0.9685 -0.1264
vn 0.0198 -0.9573 0.2886
vn 0.5748 -0.5964 -0.5604
vn 0.7388 0.2963 0.6053
vn 0.6368 0.6210 -0.4570
vn -0.0982 0.3143 -0.9442
vn -0.1154 0.3921 -0.9126
vn -0.7263 -0.0898 -0.6815
vn -0.8231 -0.5189 0.2307
vn 0.7494 0.2683 0.6054
vn -0.8612 -0.4817 0.1621
vn -0.6854 -0.1367 -0.7152
vn -0.4418 0.5307 -0.7233
vn -0.4086 -0.0504 -0.9113
vn -0.7268 -0.0971 -0.6799
vn -0.9765 0.1599 -0.1444
vn -0.5247 0.7507 -0.4015
vn -0.4904 0.8474 0.2034
vn -0.3498 0.2207 0.9105
vn -0.1927 0.9518 0.2385
vn 0.8794 0.1904 -0.4364
vn 0.2611 0.3424 -0.9025
vn 0.3747 0.7581 -0.5337
vn 0.7703 -0.1854 -0.6102
vn 0.9980 -0.0241 0.0586
vn 0.8558 -0.4698 -0.2167
vn 0.5266 0.1132 0.8425
vn 0.0026 -0.6946 0.7194
vn 0.2379 -0.7210 0.6508
vn 0.6619 -0.6613 0.3530
vn 0.7000 0.6742 0.2355
vn 0.2197 0.0073 -0.9755
vn 0.5397 -0.5221 -0.6603
vn -0.1706 0.4611 -0.8708
vn 0.1120 -0.7301 -0.6741
vn -0.1055 0.0069 -0.9944
vn -0.7396 -0.6475 -0.1836
vn 0.0092 0.2796 0.9601
vn 0.1562 0.9495 0.2720
vn -0.3934 -0.9153 0.0870
vn -0.2055 -0.6915 0.6925
vn -0.5900 -0.6451 0.4855
vn -0.0842 -0.9896 0.1170
vn -0.3472 -0.7861 -0.5113
vn -0.1451 -0.7581 -0.6358
vn 0.1038 -0.9918 0.0746
vn -0.3718 0.4668 -0.8025
vn -0.3554 0.8095 -0.4673
vn -0.1040 0.8609 -0.4979
vn -0.8018 0.1645 0.5745
vn 0.5168 -0.8496 -0.1056
vn -0.2820 0.0240 -0.9591
vn 0.1580 0.2801 0.9469
vn 0.4182 -0.3351 0.8443
vn 0.9140 -0.0003 0.4057
vn 0.0661 0.6001 0.7972
vn -0.8132 0.5139 0.2731
vn -0.2560 0.5076 -0.8227
vn -0.7063 -0.1029 -0.7003
vn -0.1977 0.9729 -0.1198
vn 0.2439 0.6120 0.7523
vn 0.4798 0.8507 0.2149
vn 0.8231 0.3021 -0.4809
vn -0.3879 -0.9183 0.0794
vn 0.6435 -0.6983 -0.3134
vn 0.4486 -0.8762 0.1763
vn 0.0134 -0.8709 0.4913
vn 0.9840 0.1393 0.1113
vn -0.5139 -0.4741 0.7149
vn -0.8230 -0.1687 0.5425
vn -0.5692 -0.7267 -0.3846
vn -0.9153 0.1515 0.3733
vn 0.1478 0.6616 0.7351
vn -0.6410 -0.5553 -0.5299
vn -0.6962 -0.5067 -0.5085
vn 0.5182 -0.3901 -0.7611
vn 0.5604 -0.4211 -0.7132
vn -0.6276 -0.5044 -0.5930
vn 0.5411 -0.3878 -0.7462
vn 0.9403 0.3347 0.0627
vn 0.9311 0.3560 0.0796
vn 0.6295 -0.4345 -0.6442
vn 0.9414 0.2845 0.1813
vn -0.9447 0.1639 0.2841
vn -0.9128 0.0852 0.3994
vn -0.6167 -0.5374 -0.5753
vn -0.9289 0.1733 0.3273
vn 0.1110 0.7103 0.6951
vn 0.9438 0.3280 0.0412
vn 0.4129 -0.0769 -0.9075
vn 0.0931 0.6780 0.7292
vn 0.4204 0.6457 -0.6374
vn -0.6981 0.3822 -0.6055
vn -0.7478 0.3216 -0.5809
vn 0.3859 0.5701 -0.7253
vn -0.6803 0.4305 -0.5932
vn 0.4362 0.5897 -0.6798
vn 0.8806 -0.4192 -0.2212
vn 0.5727 0.4892 -0.6578
vn 0.2220 0.8659 -0.4482
vn 0.3581 0.4755 0.8036
vn -0.4521 0.8919 0.0131
vn -0.0175 0.4510 -0.8923
vn -0.2256 0.4708 -0.8529
vn -0.0794 0.5993 -0.7966
vn -0.5732 -0.4628 0.6762
vn 0.4045 -0.2079 0.8906
vn -0.4868 -0.4503 0.7485
vn -0.1608 0.6466 0.7457
vn -0.9457 0.2126 -0.2459
vn -0.6204 0.1045 0.7773
vn 0.7433 0.6276 0.2316
vn -0.2168 0.9672 -0.1326
vn -0.4707 -0.4981 0.7283
vn 0.1952 0.6168 -0.7625
vn -0.8955 0.0840 -0.4370
vn 0.3932 -0.6868 0.6112
vn 0.7011 0.5873 -0.4044
vn 0.8795 0.2159 0.4240
vn 0.0480 -0.7986 0.6000
vn 0.8210 -0.5397 -0.1865
vn -0.0331 0.3278 0.9442
vn 0.5830 0.0494 0.8110
vn -0.4625 -0.7561 0.4630
vn -0.6986 0.1885 -0.6902
vn -0.2854 -0.5746 -0.7671
vn 0.7305 -0.6053 -0.3163
vn 0.1080 0.1886 0.9761
vn 0.0379 -0.6527 0.7566
vn 0.5174 -0.7147 -0.4706
vn 0.7323 -0.1938 0.6528
vn 0.9410 0.3344 -0.0513
vn 0.9863 0.1310 -0.1006
vn 0.1742 -0.6282 0.7583
vn 0.9653 -0.0530 -0.2559
vn -0.9205 0.1979 0.3368
vn 0.2420 0.3519 0.9042
vn 0.0836 0.4346 -0.8967
vn 0.2367 -0.3617 0.9018
vn -0.9468 0.1852 0.2632
vn -0.1531 0.3951 -0.9058
vn 0.5313 0.8439 0.0738
vn 0.4419 -0.3333 0.8329
vn 0.0495 0.9859 0.1598
vn 0.8364 0.4192 -0.3530
vn 0.9975 0.0233 -0.0671
vn 0.9568 0.2597 0.1308
vn 0.5715 -0.5110 0.6421
vn -0.6761 -0.5404 0.5008
vn -0.7639 -0.4358 0.4759
vn -0.8133 0.2173 -0.5397
vn -0.8990 -0.0047 -0.4378
vn -0.8473 -0.1938 -0.4944
vn -0.4352 -0.5577 0.7068
vn -0.8844 -0.0177 -0.4664
vn 0.1366 0.5256 -0.8397
vn 0.7174 0.6614 -0.2189
vn 0.9110 0.3877 -0.1407
vn 0.7533 -0.1254 0.6456
vn 0.1008 0.5492 -0.8296
vn -0.8221 -0.3557 0.4445
vn -0.6247 -0.4924 0.6061
vn 0.8831 -0.2982 0.3622
vn -0.5612 -0.5053 0.6555
vn 0.9088 -0.2469 0.3363
vn 0.5797 0.5461 -0.6048
vn -0.7083 0.4740 -0.5231
vn -0.5649 -0.5105 0.6483
vn -0.7133 0.4927 -0.4984
vn 0.9341 -0.2633 0.2413
vn 0.5243 0.5451 -0.6543
vn -0.7462 0.4118 -0.5230
vn -0.5314 -0.5137 0.6736
vn 0.9525 -0.2616 0.1559
vn 0.4598 0.4812 -0.7464
vn 0.4358 0.2304 -0.8700
vn 0.7250 0.3876 -0.5693
vn 0.5014 0.3374 -0.7967
vn 0.9914 -0.0919 -0.0933
vn 0.5328 -0.4098 0.7404
vn 0.9755 -0.1030 -0.1946
vn 0.9540 -0.1293 -0.2704
vn 0.1889 -0.5383 0.8213
vn -0.9308 0.1470 0.3348
vn -0.1679 0.6006 -0.7817
vn 0.9514 -0.1250 -0.2814
vn -0.1477 0.6696 -0.7278
vn -0.9556 0.0728 0.2855
vn -0.0774 0.9587 -0.2737
vn -0.5233 -0.3691 -0.7680
vn 0.1013 -0.8754 -0.4726
vn -0.1305 -0.9627 -0.2369
vn -0.0564 -0.1925 -0.9797
vn 0.4875 -0.3140 -0.8148
vn -0.9260 -0.2690 -0.2649
vn -0.9304 0.0466 0.3635
vn -0.8648 0.4692 -0.1790
vn -0.5365 0.5028 -0.6778
vn -0.7354 0.4934 0.4645
vn -0.8475 -0.2782 0.4521
vn -0.8232 0.0555 0.5650
vn -0.4516 0.6363 0.6254
vn 0.7437 -0.4468 -0.4973
vn 0.9766 0.1986 0.0827
vn 0.8899 -0.4407 0.1175
vn 0.2994 -0.9155 -0.2688
vn 0.8103 -0.1139 0.5749
vn 0.5459 -0.8220 0.1622
vn -0.6452 0.1803 0.7424
vn -0.3002 0.1976 0.9332
vn 0.1911 0.3947 0.8987
vn -0.1999 0.8365 0.5102
vn 0.3742 0.7090 -0.5977
vn 0.8139 0.1696 -0.5558
vn 0.4726 0.4272 -0.7708
vn 0.7210 0.5529 -0.4177
vn 0.2218 0.9465 -0.2344
vn 0.6503 0.7597 -0.0095
vn -0.0061 0.8469 -0.5316
vn -0.3055 0.9183 -0.2520
vn 0.0569 0.9790 0.1957
vn -0.1062 -0.8644 0.4914
vn 0.0213 -0.9990 -0.0384
vn 0.3277 -0.8906 0.3152
vn -0.5848 -0.4787 0.6549
vn -0.3047 -0.9074 0.2894
vn 0.4026 -0.3762 0.8345
vn -0.2687 -0.4084 0.8723
vn 0.7196 -0.2357 0.6531
vn 0.5283 0.4848 0.6971
vn 0.6541 0.6277 0.4222
vn -0.5488 0.8216 0.1539
vn -0.6344 -0.7716 -0.0466
vn -0.4753 -0.8508 0.2239
vn -0.0721 0.5683 -0.8197
vn 0.0583 -0.9672 0.2471
vn 0.0101 -0.9577 0.2876
vn -0.0607 -0.9939 -0.0921
vn -0.4090 -0.8213 0.3977
vn 0.0091 -0.6245 0.7810
vn 0.6626 0.7020 -0.2610
vn 0.2407 0.9610 -0.1366
vn 0.6065 0.7719 0.1907
vn 0.9344 0.2806 0.2193
vn 0.7750 0.4010 -0.4884
vn 0.2125 0.8321 -0.5124
vn -0.5806 0.6487 0.4921
vn -0.1199 0.2818 0.9520
vn -0.1981 0.7553 0.6247
vn -0.6823 0.2174 0.6980
vn -0.7893 0.6140 -0.0094
vn -0.9593 0.2394 -0.1500
vn -0.2307 0.9621 0.1455
vn 0.2053 0.7899 0.5778
vn -0.3019 0.9067 -0.2947
vn 0.1435 -0.7563 -0.6382
vn 0.8165 -0.1649 -0.5533
vn 0.5894 -0.6795 -0.4370
vn 0.1381 -0.9814 -0.1335
vn 0.9535 -0.1930 0.2313
vn 0.6501 -0.7376 0.1824
vn -0.0169 -0.9715 -0.2364
vn 0.1027 -0.9599 0.2607
vn 0.4599 0.2521 0.8514
vn 0.5402 -0.1948 0.8187
vn 0.3884 -0.5780 0.7177
vn -0.2162 -0.6800 -0.7006
vn 0.2291 -0.1847 -0.9557
vn -0.4025 -0.1394 -0.9047
vn -0.4720 0.3630 -0.8034
vn 0.2281 0.4722 -0.8515
vn -0.9298 -0.2659 -0.2543
vn -0.3792 0.7329 -0.5649
vn -0.6493 -0.3408 0.6799
vn -0.0238 -0.1869 0.9821
vn -0.5703 -0.7794 -0.2592
vn -0.1237 0.6409 0.7576
vn -0.3913 0.5745 0.7189
vn 0.5344 0.7864 -0.3099
vn -0.0500 0.4539 0.8896
vn 0.3939 0.3298 0.8580
vn 0.5332 -0.2530 -0.8073
vn 0.6819 0.5168 0.5175
vn 0.6622 -0.6662 0.3431
vn 0.3708 -0.5734 -0.7306
vn 0.9493 -0.2714 0.1588
vn -0.0034 0.2082 0.9781
vn -0.2480 -0.3224 0.9135
vn -0.2092 0.0675 -0.9755
vn 0.4575 0.8542 0.2470
vn 0.8406 0.0982 -0.5327
vn -0.6938 0.7092 -0.1250
vn -0.9677 0.2085 0.1415
vn -0.9307 -0.1718 0.3228
vn -0.2824 -0.7858 0.5503
vn -0.6110 -0.3133 -0.7270
vn 0.2098 -0.9443 -0.2535
vn -0.5346 -0.7747 -0.3377
vn 0.9258 -0.0530 -0.3744
vn -0.3989 0.3605 -0.8431
vn 0.1600 0.8718 -0.4630
vn 0.1117 0.5833 0.8045
vn -0.2047 0.4773 0.8546
vn 0.8315 -0.5153 -0.2076
vn -0.7236 0.5259 0.4471
vn -0.8987 0.3354 0.2826
vn 0.8099 -0.4217 -0.4078
vn 0.1110 -0.5101 -0.8529
vn -0.7203 -0.1783 -0.6703
vn 0.6711 -0.5090 -0.5390
vn 0.9344 -0.3387 0.1108
vn 0.2157 -0.6346 -0.7422
vn 0.9527 -0.2987 0.0563
vn 0.2367 0.4677 0.8516
vn 0.9712 -0.2305 0.0596
vn -0.8807 0.4048 0.2459
vn -0.8726 0.4128 0.2611
vn 0.1589 0.5516 0.8189
vn -0.9136 0.3672 0.1746
vn -0.6645 -0.2237 -0.7130
vn -0.7711 -0.2542 -0.5838
vn -0.9354 0.3236 0.1423
vn -0.6348 -0.1805 -0.7513
vn 0.3999 -0.5244 -0.7517
vn 0.4031 -0.4298 -0.8079
vn 0.9900 -0.1243 0.0663
vn 0.1251 0.4767 0.8702
vn 0.9895 -0.1362 0.0482
vn 0.2195 0.5467 0.8080
vn 0.3123 -0.6441 -0.6983
vn -0.8098 -0.1284 -0.5725
vn -0.8091 -0.1695 -0.5627
vn -0.9238 0.3417 0.1729
vn -0.6810 -0.3028 -0.6668
vn 0.7630 -0.3130 -0.5656
vn 0.7337 -0.4771 -0.4838
vn -0.6528 -0.4187 -0.6314
vn 0.6288 0.4170 0.6563
vn -0.7835 0.4439 0.4348
vn -0.8138 0.4190 0.4026
vn -0.5836 -0.3355 -0.7395
vn 0.7668 -0.4382 -0.4690
vn 0.6100 0.3290 0.7209
vn -0.8073 0.3922 0.4409
vn 0.6001 0.3080 0.7383
vn -0.5336 -0.2676 -0.8023
vn 0.8117 -0.3409 -0.4743
vn 0.4995 0.3818 0.7776
vn -0.8469 0.3462 0.4037
vn -0.5053 -0.3693 -0.7800
vn 0.8565 -0.3321 -0.3952
vn 0.8676 -0.3495 -0.3537
vn 0.4839 0.4478 0.7519
vn -0.8639 0.3686 0.3433
vn -0.4974 -0.4196 -0.7593
vn -0.3804 -0.5051 -0.7747
vn 0.8878 -0.3413 -0.3088
vn 0.4365 0.5222 0.7326
vn -0.9052 0.3540 0.2353
vn -0.6694 0.4919 0.5567
vn 0.8247 -0.4752 0.3067
vn 0.1671 -0.9500 0.2638
vn 0.4246 -0.8413 -0.3344
vn -0.8335 0.4972 -0.2408
vn -0.8354 0.0200 -0.5493
vn -0.9165 0.3999 -0.0076
vn -0.2334 0.7127 -0.6615
vn -0.6527 0.2941 -0.6982
vn -0.4689 -0.5417 0.6976
vn 0.0880 -0.1426 0.9859
vn -0.5306 0.1881 0.8265
vn -0.7349 0.3605 0.5744
vn -0.9325 -0.1870 0.3090
vn -0.1759 0.9844 -0.0034
vn 0.3405 0.7211 0.6034
vn 0.5070 0.8409 -0.1893
vn 0.2429 0.7097 -0.6613
vn -0.4581 0.7273 0.5110
vn -0.9903 0.1174 -0.0743
vn -0.3515 0.5127 0.7834
vn -0.7107 0.5007 0.4941
vn 0.7654 0.3646 0.5303
vn 0.9900 -0.0360 0.1364
vn 0.9247 0.3707 -0.0867
vn 0.4330 0.5006 0.7496
vn 0.7608 0.2765 0.5871
vn -0.1610 0.2465 -0.9557
vn 0.6578 0.1768 -0.7321
vn -0.5857 -0.7608 -0.2795
vn -0.0521 -0.8479 0.5275
vn 0.5559 -0.3835 0.7375
vn 0.8524 -0.0751 0.5174
vn 0.4619 0.3808 0.8010
vn 0.3943 0.2150 0.8935
vn -0.3295 0.6052 0.7247
vn -0.7609 0.5273 0.3781
vn -0.5407 -0.4849 -0.6874
vn -0.9383 0.2173 -0.2691
vn -0.4817 -0.3488 -0.8040
vn 0.5140 -0.6079 -0.6053
vn 0.5274 -0.6258 -0.5746
vn 0.9585 -0.2323 0.1650
vn 0.9469 -0.2714 0.1724
vn 0.8774 -0.0082 0.4797
vn 0.7841 0.0348 0.6196
vn 0.4791 0.3493 0.8052
vn -0.2376 0.6203 0.7475
vn -0.8007 0.5402 0.2590
vn -0.8889 0.2134 -0.4054
vn -0.4285 -0.3114 -0.8482
vn 0.5330 -0.6244 -0.5710
vn 0.9154 -0.3007 0.2675
vn 0.5410 -0.6209 -0.5672
vn 0.9287 -0.3030 0.2135
vn 0.7604 0.0922 0.6429
vn 0.4177 0.3992 0.8162
vn -0.2517 0.6419 0.7243
vn -0.8274 0.5384 0.1595
vn -0.8424 0.1359 -0.5215
vn -0.3597 -0.3551 -0.8629
vn 0.5646 -0.5897 -0.5775
vn 0.9697 -0.2002 0.1397
vn 0.7701 0.2196 0.5989
vn 0.4572 0.4563 0.7634
vn -0.2453 0.6481 0.7210
vn -0.8786 0.4727 0.0684
vn -0.8362 0.0659 -0.5444
vn -0.3478 -0.3855 -0.8546
vn -0.3127 -0.3208 -0.8940
vn 0.6389 -0.4459 -0.6269
vn -0.3190 0.6613 0.6789
vn -0.8846 -0.4663 -0.0026
vn 0.5423 0.2030 0.8152
vn -0.8193 -0.4531 0.3514
vn -0.0671 0.8442 -0.5318
vn 0.3228 -0.0040 0.9465
vn -0.7868 -0.5280 0.3195
vn -0.6104 -0.3031 -0.7318
vn 0.0368 0.9808 0.1917
vn 0.3022 0.5184 0.7999
vn -0.8727 -0.3937 0.2887
vn 0.5320 0.8440 -0.0683
vn -0.8355 0.2676 0.4799
vn -0.8551 0.3966 -0.3338
vn 0.5480 0.2116 -0.8093
vn -0.9222 -0.3499 0.1647
vn -0.8671 -0.4724 0.1579
vn 0.7317 0.6631 0.1578
vn 0.8342 0.5512 -0.0150
vn 0.8397 0.0287 -0.5422
vn 0.5839 0.5786 0.5695
vn -0.6425 -0.2732 -0.7160
vn -0.9217 -0.1330 -0.3645
vn 0.8452 0.5329 0.0420
vn 0.7468 -0.5781 -0.3288
vn 0.5297 -0.1257 -0.8388
vn -0.2949 0.8615 0.4133
vn -0.7500 0.2112 -0.6268
vn -0.7626 0.2661 0.5896
vn -0.4688 0.5712 0.6738
vn 0.6640 0.4259 0.6146
vn -0.1614 0.9869 0.0037
vn -0.1519 -0.2975 -0.9426
vn 0.9724 -0.1165 0.2021
vn 0.1235 -0.9746 -0.1869
vn 0.7986 0.6018 0.0127
vn 0.5703 0.5395 -0.6195
vn 0.4402 0.0272 -0.8975
vn 0.4237 -0.1918 0.8852
vn 0.8297 0.4397 0.3440
vn 0.4880 0.1772 0.8547
vn 0.3207 0.0513 0.9458
vn 0.7591 0.4968 0.4207
vn 0.3335 0.0314 -0.9422
vn -0.3788 -0.3233 -0.8672
vn 0.8915 0.3421 -0.2970
vn 0.8554 0.3938 -0.3365
vn 0.8770 0.4630 -0.1283
vn 0.5003 0.1372 -0.8549
vn 0.1974 0.3072 0.9310
vn 0.8554 0.5098 -0.0918
vn 0.0955 0.3842 0.9183
vn 0.1577 0.3584 0.9202
vn -0.8828 -0.3816 0.2739
vn -0.8892 -0.3899 0.2393
vn 0.0722 0.3439 0.9362
vn -0.5008 -0.6059 -0.6182
vn -0.8200 -0.4158 0.3934
vn 0.4867 0.0579 -0.8716
vn -0.5021 -0.5787 -0.6426
vn 0.8180 0.5493 0.1709
vn 0.7638 0.6417 0.0701
vn 0.7621 0.6453 0.0527
vn 0.4783 -0.0031 -0.8782
vn 0.0166 0.3900 0.9207
vn 0.0004 0.4261 0.9047
vn 0.0184 0.4813 0.8763
vn 0.7456 0.6664 0.0093
vn -0.7835 -0.3166 0.5346
vn -0.7872 -0.3755 0.4892
vn -0.7181 -0.3941 0.5735
vn 0.1478 0.4299 0.8907
vn -0.2429 -0.7409 0.6261
vn -0.5145 -0.6211 -0.5912
vn -0.3988 -0.7504 -0.5271
vn 0.4434 0.0075 -0.8963
vn -0.4956 -0.6391 -0.5882
vn -0.7983 -0.3723 0.4734
vn 0.0226 0.3058 0.9518
vn 0.7847 -0.1309 -0.6060
vn 0.7813 -0.1965 -0.5925
vn -0.1705 -0.5561 -0.8134
vn -0.2974 -0.3580 -0.8851
vn 0.8666 0.4036 -0.2933
vn 0.0372 -0.0876 -0.9955
vn 0.8190 0.5734 -0.0223
vn -0.0334 0.2352 0.9714
vn -0.8834 -0.4631 0.0719
vn -0.1343 -0.2468 -0.9597
vn -0.9642 0.0369 -0.2625
vn -0.1209 0.5632 -0.8174
vn 0.3065 0.9307 0.1996
vn -0.5555 0.3430 0.7575
vn 0.7230 -0.0128 -0.6907
vn -0.7903 -0.1872 -0.5835
vn -0.5999 -0.2622 -0.7559
vn 0.6436 0.0069 0.7653
# 1548 vertex normals

vt 0.6138 0.9246 0.0000
vt 0.6165 0.9120 0.0000
vt 0.6233 0.9209 0.0000
vt 0.6261 0.9259 0.0000
vt 0.6137 0.9281 0.0000
vt 0.6040 0.9273 0.0000
vt 0.6121 0.9339 0.0000
vt 0.8397 0.9161 0.0000
vt 0.8481 0.9070 0.0000
vt 0.8535 0.9153 0.0000
vt 0.8353 0.9108 0.0000
vt 0.8198 0.8863 0.0000
vt 0.8077 0.9128 0.0000
vt 0.8120 0.9025 0.0000
vt 0.8340 0.9250 0.0000
vt 0.8464 0.9266 0.0000
vt 0.8545 0.9261 0.0000
vt 0.6071 0.9388 0.0000
vt 0.6000 0.9170 0.0000
vt 0.6040 0.9403 0.0000
vt 0.6192 0.9485 0.0000
vt 0.6144 0.9520 0.0000
vt 0.8574 0.9042 0.0000
vt 0.8312 0.8718 0.0000
vt 0.8217 0.9508 0.0000
vt 0.8105 0.9339 0.0000
vt 0.6248 0.9369 0.0000
vt 0.6558 0.9407 0.0000
vt 0.6499 0.9614 0.0000
vt 0.6582 0.9240 0.0000
vt 0.6880 0.9420 0.0000
vt 0.6875 0.9073 0.0000
vt 0.6882 0.9220 0.0000
vt 0.7171 0.9051 0.0000
vt 0.7188 0.9210 0.0000
vt 0.6478 0.8940 0.0000
vt 0.6806 0.8859 0.0000
vt 0.7142 0.8798 0.0000
vt 0.6735 0.8649 0.0000
vt 0.7109 0.8560 0.0000
vt 0.7498 0.8561 0.0000
vt 0.7479 0.8763 0.0000
vt 0.7563 0.9671 0.0000
vt 0.7206 0.9839 0.0000
vt 0.7190 0.9705 0.0000
vt 0.7599 0.9806 0.0000
vt 0.7910 0.9608 0.0000
vt 0.7978 0.9724 0.0000
vt 0.7824 0.9381 0.0000
vt 0.7784 0.9141 0.0000
vt 0.7781 0.9007 0.0000
vt 0.7840 0.8773 0.0000
vt 0.7901 0.8607 0.0000
vt 0.8322 0.9574 0.0000
vt 0.7466 0.9033 0.0000
vt 0.7487 0.9178 0.0000
vt 0.7195 0.9402 0.0000
vt 0.6839 0.9685 0.0000
vt 0.6808 0.9817 0.0000
vt 0.6428 0.9717 0.0000
vt 0.6365 0.8798 0.0000
vt 0.6097 0.9046 0.0000
vt 0.6562 0.9133 0.0000
vt 0.7519 0.9393 0.0000
vt 0.8086 0.3867 0.0000
vt 0.7952 0.3743 0.0000
vt 0.8063 0.3733 0.0000
vt 0.8176 0.3769 0.0000
vt 0.7858 0.3777 0.0000
vt 0.7889 0.3955 0.0000
vt 0.7788 0.3855 0.0000
vt 0.8426 0.4117 0.0000
vt 0.8354 0.3784 0.0000
vt 0.8414 0.3709 0.0000
vt 0.8265 0.4575 0.0000
vt 0.8015 0.4756 0.0000
vt 0.8183 0.4465 0.0000
vt 0.8306 0.4069 0.0000
vt 0.8123 0.4039 0.0000
vt 0.8198 0.3993 0.0000
vt 0.8363 0.4089 0.0000
vt 0.8286 0.3796 0.0000
vt 0.8177 0.3822 0.0000
vt 0.7743 0.4612 0.0000
vt 0.7750 0.4752 0.0000
vt 0.7667 0.4656 0.0000
vt 0.7613 0.3992 0.0000
vt 0.7751 0.4121 0.0000
vt 0.7743 0.4232 0.0000
vt 0.7804 0.4671 0.0000
vt 0.7804 0.4450 0.0000
vt 0.7912 0.4358 0.0000
vt 0.8262 0.3689 0.0000
vt 0.8163 0.3546 0.0000
vt 0.8352 0.3635 0.0000
vt 0.8086 0.4853 0.0000
vt 0.8130 0.4808 0.0000
vt 0.7951 0.3916 0.0000
vt 0.7959 0.4117 0.0000
vt 0.7816 0.4011 0.0000
vt 0.7966 0.4296 0.0000
vt 0.8112 0.4220 0.0000
vt 0.8120 0.4302 0.0000
vt 0.8075 0.4402 0.0000
vt 0.7769 0.4060 0.0000
vt 0.7984 0.4233 0.0000
vt 0.7701 0.3820 0.0000
vt 0.7781 0.3701 0.0000
vt 0.7922 0.3627 0.0000
vt 0.8078 0.3620 0.0000
vt 0.8011 0.3880 0.0000
vt 0.7944 0.3534 0.0000
vt 0.7755 0.3635 0.0000
vt 0.7644 0.3847 0.0000
vt 0.7861 0.4804 0.0000
vt 0.7973 0.4857 0.0000
vt 0.7903 0.4710 0.0000
vt 0.8051 0.4080 0.0000
vt 0.8287 0.4322 0.0000
vt 0.8228 0.4174 0.0000
vt 0.8277 0.4233 0.0000
vt 0.4725 0.1152 0.0000
vt 0.4653 0.1155 0.0000
vt 0.4663 0.1134 0.0000
vt 0.4724 0.1105 0.0000
vt 0.4612 0.1138 0.0000
vt 0.4622 0.1104 0.0000
vt 0.4674 0.1222 0.0000
vt 0.4616 0.1077 0.0000
vt 0.4705 0.1053 0.0000
vt 0.4757 0.1063 0.0000
vt 0.7419 0.1155 0.0000
vt 0.7345 0.1208 0.0000
vt 0.7367 0.1172 0.0000
vt 0.7409 0.1104 0.0000
vt 0.7166 0.1078 0.0000
vt 0.7188 0.1042 0.0000
vt 0.7160 0.1236 0.0000
vt 0.7226 0.1364 0.0000
vt 0.7181 0.1282 0.0000
vt 0.7228 0.0966 0.0000
vt 0.7146 0.1153 0.0000
vt 0.6933 0.1161 0.0000
vt 0.6955 0.1262 0.0000
vt 0.6961 0.1061 0.0000
vt 0.6983 0.1015 0.0000
vt 0.7019 0.0932 0.0000
vt 0.7008 0.1395 0.0000
vt 0.6978 0.1308 0.0000
vt 0.6533 0.1260 0.0000
vt 0.6532 0.1153 0.0000
vt 0.6543 0.1047 0.0000
vt 0.6551 0.0993 0.0000
vt 0.6539 0.1315 0.0000
vt 0.6547 0.1412 0.0000
vt 0.6101 0.1275 0.0000
vt 0.6104 0.1229 0.0000
vt 0.6114 0.1140 0.0000
vt 0.6121 0.1004 0.0000
vt 0.6118 0.0919 0.0000
vt 0.6568 0.0896 0.0000
vt 0.5679 0.1003 0.0000
vt 0.5674 0.0920 0.0000
vt 0.5682 0.1047 0.0000
vt 0.6102 0.1362 0.0000
vt 0.5680 0.1252 0.0000
vt 0.5684 0.1209 0.0000
vt 0.5686 0.1128 0.0000
vt 0.6120 0.1050 0.0000
vt 0.5251 0.1056 0.0000
vt 0.5248 0.1022 0.0000
vt 0.5238 0.0961 0.0000
vt 0.5236 0.1276 0.0000
vt 0.5665 0.1336 0.0000
vt 0.5250 0.1216 0.0000
vt 0.5253 0.1185 0.0000
vt 0.5254 0.1121 0.0000
vt 0.4677 0.1009 0.0000
vt 0.4710 0.1179 0.0000
vt 0.8570 0.8412 0.0000
vt 0.8611 0.8354 0.0000
vt 0.8564 0.8469 0.0000
vt 0.8545 0.8446 0.0000
vt 0.8568 0.8333 0.0000
vt 0.8589 0.8343 0.0000
vt 0.8603 0.5739 0.0000
vt 0.8620 0.5631 0.0000
vt 0.8691 0.5682 0.0000
vt 0.8556 0.5586 0.0000
vt 0.8498 0.5653 0.0000
vt 0.8632 0.5575 0.0000
vt 0.8724 0.5537 0.0000
vt 0.8727 0.5638 0.0000
vt 0.8558 0.5509 0.0000
vt 0.8483 0.5493 0.0000
vt 0.8514 0.8458 0.0000
vt 0.8487 0.8477 0.0000
vt 0.8498 0.8437 0.0000
vt 0.8529 0.8481 0.0000
vt 0.8521 0.8427 0.0000
vt 0.8520 0.8325 0.0000
vt 0.8477 0.8335 0.0000
vt 0.8525 0.7825 0.0000
vt 0.8675 0.7847 0.0000
vt 0.8671 0.7470 0.0000
vt 0.8717 0.7477 0.0000
vt 0.8638 0.7839 0.0000
vt 0.8624 0.7463 0.0000
vt 0.8600 0.7831 0.0000
vt 0.8532 0.7456 0.0000
vt 0.8428 0.7086 0.0000
vt 0.8541 0.7090 0.0000
vt 0.8348 0.7466 0.0000
vt 0.8324 0.7088 0.0000
vt 0.8296 0.6836 0.0000
vt 0.8418 0.6837 0.0000
vt 0.8747 0.6859 0.0000
vt 0.8771 0.7109 0.0000
vt 0.8714 0.7104 0.0000
vt 0.8887 0.6485 0.0000
vt 0.8815 0.6858 0.0000
vt 0.8803 0.6498 0.0000
vt 0.8678 0.6859 0.0000
vt 0.8717 0.6516 0.0000
vt 0.8545 0.6852 0.0000
vt 0.8546 0.6509 0.0000
vt 0.8559 0.6180 0.0000
vt 0.8746 0.6179 0.0000
vt 0.8385 0.6124 0.0000
vt 0.8217 0.6053 0.0000
vt 0.8832 0.6132 0.0000
vt 0.8788 0.5583 0.0000
vt 0.8919 0.6096 0.0000
vt 0.8390 0.6475 0.0000
vt 0.8242 0.6454 0.0000
vt 0.8655 0.7097 0.0000
vt 0.8449 0.7831 0.0000
vt 0.8376 0.7847 0.0000
vt 0.8437 0.7457 0.0000
vt 0.8435 0.8356 0.0000
vt 0.9369 0.4999 0.0000
vt 0.9451 0.4797 0.0000
vt 0.9421 0.5004 0.0000
vt 0.9535 0.5983 0.0000
vt 0.9510 0.5933 0.0000
vt 0.9529 0.5925 0.0000
vt 0.9582 0.5941 0.0000
vt 0.9429 0.4766 0.0000
vt 0.9475 0.4760 0.0000
vt 0.9419 0.5714 0.0000
vt 0.9372 0.5923 0.0000
vt 0.9364 0.5715 0.0000
vt 0.9470 0.5934 0.0000
vt 0.9486 0.5697 0.0000
vt 0.9538 0.5711 0.0000
vt 0.9612 0.5721 0.0000
vt 0.9363 0.5482 0.0000
vt 0.9421 0.5477 0.0000
vt 0.9485 0.5457 0.0000
vt 0.9539 0.5473 0.0000
vt 0.9613 0.5480 0.0000
vt 0.9539 0.5238 0.0000
vt 0.9614 0.5241 0.0000
vt 0.9417 0.5240 0.0000
vt 0.9484 0.5224 0.0000
vt 0.9535 0.5002 0.0000
vt 0.9605 0.4996 0.0000
vt 0.9483 0.4987 0.0000
vt 0.9505 0.4769 0.0000
vt 0.9553 0.4764 0.0000
vt 0.3896 0.9846 0.0000
vt 0.3934 0.9845 0.0000
vt 0.3874 0.9885 0.0000
vt 0.3869 0.9844 0.0000
vt 0.3835 0.9870 0.0000
vt 0.3899 0.8807 0.0000
vt 0.4012 0.8969 0.0000
vt 0.3942 0.8982 0.0000
vt 0.3861 0.8802 0.0000
vt 0.3844 0.8983 0.0000
vt 0.3781 0.8979 0.0000
vt 0.3894 0.8983 0.0000
vt 0.4036 0.9654 0.0000
vt 0.3984 0.9869 0.0000
vt 0.3904 0.9639 0.0000
vt 0.3848 0.9420 0.0000
vt 0.3904 0.9421 0.0000
vt 0.3953 0.9203 0.0000
vt 0.4029 0.9422 0.0000
vt 0.3956 0.9422 0.0000
vt 0.4030 0.9200 0.0000
vt 0.3847 0.9199 0.0000
vt 0.3781 0.9420 0.0000
vt 0.3779 0.9201 0.0000
vt 0.3846 0.9640 0.0000
vt 0.3775 0.9651 0.0000
vt 0.3959 0.9641 0.0000
vt 0.3900 0.9199 0.0000
vt 0.3967 0.9900 0.0000
vt 0.2928 0.4602 0.0000
vt 0.3094 0.4699 0.0000
vt 0.2983 0.4768 0.0000
vt 0.0327 0.4942 0.0000
vt 0.0568 0.5194 0.0000
vt 0.0195 0.4834 0.0000
vt 0.2857 0.5076 0.0000
vt 0.2719 0.4973 0.0000
vt 0.2573 0.4671 0.0000
vt 0.0386 0.4710 0.0000
vt 0.0474 0.4743 0.0000
vt 0.0340 0.4612 0.0000
vt 0.0408 0.4569 0.0000
vt 0.0218 0.4491 0.0000
vt 0.2924 0.4417 0.0000
vt 0.2695 0.4157 0.0000
vt 0.3032 0.4323 0.0000
vt 0.2600 0.4414 0.0000
vt 0.2213 0.4725 0.0000
vt 0.2236 0.4421 0.0000
vt 0.2297 0.4134 0.0000
vt 0.2799 0.3936 0.0000
vt 0.2338 0.3867 0.0000
vt 0.1855 0.4404 0.0000
vt 0.1874 0.4133 0.0000
vt 0.1880 0.3857 0.0000
vt 0.1949 0.5296 0.0000
vt 0.2332 0.5073 0.0000
vt 0.2421 0.5251 0.0000
vt 0.1466 0.4159 0.0000
vt 0.1902 0.5114 0.0000
vt 0.1478 0.5295 0.0000
vt 0.1460 0.5119 0.0000
vt 0.1482 0.4748 0.0000
vt 0.1850 0.4724 0.0000
vt 0.1033 0.5122 0.0000
vt 0.1128 0.4768 0.0000
vt 0.1486 0.4414 0.0000
vt 0.0735 0.4517 0.0000
vt 0.1114 0.4462 0.0000
vt 0.0624 0.4229 0.0000
vt 0.1065 0.4165 0.0000
vt 0.0466 0.4042 0.0000
vt 0.1027 0.5270 0.0000
vt 0.0971 0.3890 0.0000
vt 0.1425 0.3875 0.0000
vt 0.0648 0.5074 0.0000
vt 0.0795 0.4783 0.0000
vt 0.0635 0.5605 0.0000
vt 0.0635 0.5653 0.0000
vt 0.0588 0.5640 0.0000
vt 0.1930 0.5554 0.0000
vt 0.1967 0.5508 0.0000
vt 0.1941 0.5565 0.0000
vt 0.1910 0.5580 0.0000
vt 0.1894 0.5527 0.0000
vt 0.1865 0.5580 0.0000
vt 0.1864 0.5642 0.0000
vt 0.1929 0.5647 0.0000
vt 0.0634 0.5696 0.0000
vt 0.0874 0.5654 0.0000
vt 0.1121 0.5518 0.0000
vt 0.0859 0.5476 0.0000
vt 0.1120 0.5451 0.0000
vt 0.1128 0.5640 0.0000
vt 0.1390 0.5718 0.0000
vt 0.1131 0.5697 0.0000
vt 0.1643 0.5488 0.0000
vt 0.1375 0.5566 0.0000
vt 0.1377 0.5487 0.0000
vt 0.1688 0.5394 0.0000
vt 0.1619 0.5564 0.0000
vt 0.1632 0.5659 0.0000
vt 0.1392 0.5399 0.0000
vt 0.1123 0.5574 0.0000
vt 0.0862 0.5538 0.0000
vt 0.0871 0.5705 0.0000
vt 0.0624 0.5508 0.0000
vt 0.0611 0.5565 0.0000
vt 0.0865 0.5588 0.0000
vt 0.1383 0.5649 0.0000
vt 0.1655 0.5733 0.0000
vt 0.5856 0.4173 0.0000
vt 0.5764 0.3783 0.0000
vt 0.5904 0.3750 0.0000
vt 0.5988 0.4075 0.0000
vt 0.3567 0.3604 0.0000
vt 0.3162 0.3444 0.0000
vt 0.3406 0.3228 0.0000
vt 0.3340 0.4121 0.0000
vt 0.3671 0.3967 0.0000
vt 0.3547 0.4216 0.0000
vt 0.3318 0.3945 0.0000
vt 0.3425 0.3939 0.0000
vt 0.3256 0.4115 0.0000
vt 0.3462 0.4317 0.0000
vt 0.3280 0.3750 0.0000
vt 0.3350 0.3776 0.0000
vt 0.3602 0.3699 0.0000
vt 0.5464 0.4037 0.0000
vt 0.5756 0.4174 0.0000
vt 0.5583 0.4267 0.0000
vt 0.5664 0.4028 0.0000
vt 0.5640 0.3584 0.0000
vt 0.5556 0.3698 0.0000
vt 0.5159 0.3710 0.0000
vt 0.5135 0.4020 0.0000
vt 0.5193 0.4306 0.0000
vt 0.4782 0.4322 0.0000
vt 0.4757 0.4001 0.0000
vt 0.4816 0.4483 0.0000
vt 0.4368 0.4453 0.0000
vt 0.4366 0.4309 0.0000
vt 0.4857 0.3125 0.0000
vt 0.5219 0.3553 0.0000
vt 0.4794 0.3561 0.0000
vt 0.4392 0.3565 0.0000
vt 0.4387 0.3101 0.0000
vt 0.4017 0.3669 0.0000
vt 0.4389 0.3695 0.0000
vt 0.4000 0.3561 0.0000
vt 0.4006 0.3995 0.0000
vt 0.3943 0.4283 0.0000
vt 0.3911 0.4433 0.0000
vt 0.3900 0.3110 0.0000
vt 0.4376 0.4009 0.0000
vt 0.4777 0.3729 0.0000
vt 0.5756 0.4394 0.0000
vt 0.6027 0.3516 0.0000
vt 0.5266 0.4488 0.0000
vt 0.5794 0.3241 0.0000
vt 0.5335 0.3165 0.0000
vt 0.5957 0.0426 0.0000
vt 0.5965 0.0453 0.0000
vt 0.5960 0.0469 0.0000
vt 0.7169 0.0409 0.0000
vt 0.6889 0.0357 0.0000
vt 0.7174 0.0367 0.0000
vt 0.6877 0.0457 0.0000
vt 0.6883 0.0406 0.0000
vt 0.7160 0.0506 0.0000
vt 0.7174 0.0469 0.0000
vt 0.7181 0.0582 0.0000
vt 0.6883 0.0579 0.0000
vt 0.7166 0.0545 0.0000
vt 0.6878 0.0505 0.0000
vt 0.7218 0.0532 0.0000
vt 0.6179 0.0559 0.0000
vt 0.5960 0.0503 0.0000
vt 0.6189 0.0488 0.0000
vt 0.6189 0.0437 0.0000
vt 0.6423 0.0440 0.0000
vt 0.6184 0.0394 0.0000
vt 0.6421 0.0386 0.0000
vt 0.6649 0.0505 0.0000
vt 0.6410 0.0585 0.0000
vt 0.6419 0.0495 0.0000
vt 0.6650 0.0453 0.0000
vt 0.6653 0.0346 0.0000
vt 0.6651 0.0400 0.0000
vt 0.5982 0.0438 0.0000
vt 0.6178 0.0348 0.0000
vt 0.6413 0.0331 0.0000
vt 0.1960 0.0612 0.0000
vt 0.2148 0.0578 0.0000
vt 0.2194 0.0659 0.0000
vt 0.2177 0.0785 0.0000
vt 0.1977 0.0923 0.0000
vt 0.1280 0.1151 0.0000
vt 0.1522 0.1120 0.0000
vt 0.1473 0.1292 0.0000
vt 0.2860 0.1307 0.0000
vt 0.2833 0.1082 0.0000
vt 0.2979 0.1077 0.0000
vt 0.1101 0.0701 0.0000
vt 0.1262 0.0495 0.0000
vt 0.1266 0.0803 0.0000
vt 0.1474 0.0428 0.0000
vt 0.1344 0.0365 0.0000
vt 0.1907 0.1312 0.0000
vt 0.1885 0.1145 0.0000
vt 0.2286 0.0912 0.0000
vt 0.2514 0.0615 0.0000
vt 0.2628 0.0963 0.0000
vt 0.2356 0.0683 0.0000
vt 0.1746 0.0883 0.0000
vt 0.1688 0.0783 0.0000
vt 0.1766 0.0642 0.0000
vt 0.1961 0.1058 0.0000
vt 0.1606 0.0986 0.0000
vt 0.1934 0.0510 0.0000
vt 0.1616 0.0380 0.0000
vt 0.1906 0.0380 0.0000
vt 0.2220 0.0527 0.0000
vt 0.2239 0.0442 0.0000
vt 0.2287 0.0669 0.0000
vt 0.2258 0.0831 0.0000
vt 0.1496 0.0842 0.0000
vt 0.1375 0.0673 0.0000
vt 0.1576 0.0561 0.0000
vt 0.1707 0.0560 0.0000
vt 0.1565 0.0245 0.0000
vt 0.2783 0.0679 0.0000
vt 0.2516 0.1151 0.0000
vt 0.2748 0.1290 0.0000
vt 0.3014 0.0781 0.0000
vt 0.1446 0.0532 0.0000
vt 0.6350 0.3692 0.0000
vt 0.6525 0.3289 0.0000
vt 0.6550 0.3425 0.0000
vt 0.6799 0.3469 0.0000
vt 0.6712 0.3390 0.0000
vt 0.6815 0.3330 0.0000
vt 0.7002 0.5502 0.0000
vt 0.6892 0.5511 0.0000
vt 0.6962 0.5390 0.0000
vt 0.6640 0.3422 0.0000
vt 0.6661 0.3504 0.0000
vt 0.6625 0.5530 0.0000
vt 0.6585 0.5735 0.0000
vt 0.6497 0.5433 0.0000
vt 0.6718 0.5700 0.0000
vt 0.6744 0.5301 0.0000
vt 0.6741 0.5426 0.0000
vt 0.6357 0.5129 0.0000
vt 0.6640 0.5066 0.0000
vt 0.6988 0.5104 0.0000
vt 0.7153 0.5199 0.0000
vt 0.7222 0.5608 0.0000
vt 0.7157 0.5661 0.0000
vt 0.6145 0.5370 0.0000
vt 0.6030 0.4871 0.0000
vt 0.6296 0.4794 0.0000
vt 0.6603 0.4737 0.0000
vt 0.6930 0.4753 0.0000
vt 0.7222 0.4784 0.0000
vt 0.7386 0.5234 0.0000
vt 0.6257 0.4416 0.0000
vt 0.6607 0.4429 0.0000
vt 0.6925 0.4441 0.0000
vt 0.7227 0.4403 0.0000
vt 0.7508 0.4814 0.0000
vt 0.7552 0.4362 0.0000
vt 0.7479 0.3919 0.0000
vt 0.7192 0.4049 0.0000
vt 0.6080 0.3978 0.0000
vt 0.6286 0.4055 0.0000
vt 0.6612 0.4118 0.0000
vt 0.6915 0.4108 0.0000
vt 0.7094 0.3666 0.0000
vt 0.7297 0.3499 0.0000
vt 0.6234 0.3566 0.0000
vt 0.6640 0.3795 0.0000
vt 0.6899 0.3773 0.0000
vt 0.7024 0.3289 0.0000
vt 0.4076 0.8221 0.0000
vt 0.3836 0.8635 0.0000
vt 0.3780 0.8585 0.0000
vt 0.4080 0.8003 0.0000
vt 0.3835 0.8304 0.0000
vt 0.3620 0.8059 0.0000
vt 0.3880 0.7744 0.0000
vt 0.3855 0.7429 0.0000
vt 0.4009 0.7445 0.0000
vt 0.3721 0.7649 0.0000
vt 0.3722 0.7308 0.0000
vt 0.3824 0.7148 0.0000
vt 0.3575 0.7190 0.0000
vt 0.3605 0.7483 0.0000
vt 0.3313 0.9874 0.0000
vt 0.3276 0.9637 0.0000
vt 0.3399 0.9623 0.0000
vt 0.3312 0.7051 0.0000
vt 0.3617 0.7043 0.0000
vt 0.3311 0.7649 0.0000
vt 0.3171 0.9229 0.0000
vt 0.3255 0.9438 0.0000
vt 0.2898 0.9453 0.0000
vt 0.2777 0.9086 0.0000
vt 0.2482 0.9590 0.0000
vt 0.2811 0.9632 0.0000
vt 0.3163 0.6297 0.0000
vt 0.2933 0.6099 0.0000
vt 0.3016 0.6016 0.0000
vt 0.2920 0.7288 0.0000
vt 0.3151 0.7112 0.0000
vt 0.2972 0.7464 0.0000
vt 0.2765 0.7338 0.0000
vt 0.2825 0.7261 0.0000
vt 0.2965 0.6993 0.0000
vt 0.2928 0.6580 0.0000
vt 0.2736 0.6622 0.0000
vt 0.2624 0.7033 0.0000
vt 0.2785 0.6995 0.0000
vt 0.2765 0.6230 0.0000
vt 0.2562 0.6323 0.0000
vt 0.2488 0.9148 0.0000
vt 0.2122 0.9514 0.0000
vt 0.2060 0.9185 0.0000
vt 0.2502 0.8751 0.0000
vt 0.2108 0.8666 0.0000
vt 0.2507 0.6662 0.0000
vt 0.2468 0.6863 0.0000
vt 0.2371 0.7160 0.0000
vt 0.2217 0.6923 0.0000
vt 0.2155 0.6714 0.0000
vt 0.2471 0.8372 0.0000
vt 0.2864 0.8586 0.0000
vt 0.2151 0.8152 0.0000
vt 0.2295 0.7834 0.0000
vt 0.2722 0.8088 0.0000
vt 0.2526 0.6035 0.0000
vt 0.2253 0.6378 0.0000
vt 0.2155 0.7322 0.0000
vt 0.2505 0.7531 0.0000
vt 0.2197 0.7532 0.0000
vt 0.1950 0.7592 0.0000
vt 0.1992 0.6579 0.0000
vt 0.1746 0.6393 0.0000
vt 0.1717 0.6640 0.0000
vt 0.1835 0.8812 0.0000
vt 0.1590 0.8266 0.0000
vt 0.1912 0.9528 0.0000
vt 0.1229 0.9810 0.0000
vt 0.1217 0.9739 0.0000
vt 0.1566 0.7114 0.0000
vt 0.1204 0.6674 0.0000
vt 0.1921 0.7295 0.0000
vt 0.1241 0.7125 0.0000
vt 0.1023 0.6794 0.0000
vt 0.1433 0.7452 0.0000
vt 0.1005 0.9836 0.0000
vt 0.0903 0.6655 0.0000
vt 0.1172 0.6207 0.0000
vt 0.1051 0.7425 0.0000
vt 0.0781 0.6988 0.0000
vt 0.1213 0.8348 0.0000
vt 0.1439 0.8481 0.0000
vt 0.1270 0.8657 0.0000
vt 0.1081 0.8470 0.0000
vt 0.0904 0.8121 0.0000
vt 0.1189 0.8135 0.0000
vt 0.0820 0.8869 0.0000
vt 0.0754 0.9651 0.0000
vt 0.0850 0.9594 0.0000
vt 0.0870 0.9759 0.0000
vt 0.0647 0.8531 0.0000
vt 0.0556 0.8126 0.0000
vt 0.0808 0.6482 0.0000
vt 0.0595 0.6756 0.0000
vt 0.0900 0.5965 0.0000
vt 0.1235 0.5900 0.0000
vt 0.0755 0.6407 0.0000
vt 0.0497 0.6654 0.0000
vt 0.0233 0.7195 0.0000
vt 0.0100 0.7134 0.0000
vt 0.0689 0.9419 0.0000
vt 0.0518 0.9018 0.0000
vt 0.0795 0.9366 0.0000
vt 0.1072 0.9236 0.0000
vt 0.1187 0.9456 0.0000
vt 0.1740 0.9216 0.0000
vt 0.1608 0.8906 0.0000
vt 0.0299 0.8597 0.0000
vt 0.0314 0.8152 0.0000
vt 0.0399 0.9088 0.0000
vt 0.0142 0.8635 0.0000
vt 0.0212 0.8157 0.0000
vt 0.0254 0.7651 0.0000
vt 0.0567 0.7294 0.0000
vt 0.0526 0.7690 0.0000
vt 0.0128 0.7619 0.0000
vt 0.0927 0.7796 0.0000
vt 0.1305 0.7800 0.0000
vt 0.1746 0.7929 0.0000
vt 0.1758 0.6215 0.0000
vt 0.1762 0.6039 0.0000
vt 0.2189 0.5886 0.0000
vt 0.2203 0.6048 0.0000
vt 0.2582 0.5801 0.0000
vt 0.2200 0.5762 0.0000
vt 0.2431 0.9716 0.0000
vt 0.1964 0.9633 0.0000
vt 0.2865 0.9900 0.0000
vt 0.3668 0.6947 0.0000
vt 0.3394 0.6819 0.0000
vt 0.3420 0.6750 0.0000
vt 0.3102 0.6476 0.0000
vt 0.3911 0.7080 0.0000
vt 0.3354 0.9406 0.0000
vt 0.3299 0.9242 0.0000
vt 0.3415 0.9251 0.0000
vt 0.3611 0.8953 0.0000
vt 0.3511 0.8902 0.0000
vt 0.3566 0.8602 0.0000
vt 0.3348 0.8905 0.0000
vt 0.3336 0.8417 0.0000
vt 0.3088 0.8804 0.0000
vt 0.2979 0.7793 0.0000
vt 0.3456 0.7921 0.0000
vt 0.3168 0.8277 0.0000
vt 0.3241 0.9819 0.0000
vt 0.9122 0.3926 0.0000
vt 0.9162 0.3882 0.0000
vt 0.9139 0.4029 0.0000
vt 0.9229 0.3949 0.0000
vt 0.9193 0.4035 0.0000
vt 0.9085 0.4021 0.0000
vt 0.9350 0.2622 0.0000
vt 0.9233 0.2676 0.0000
vt 0.9185 0.2650 0.0000
vt 0.9330 0.2665 0.0000
vt 0.9395 0.2697 0.0000
vt 0.9355 0.2726 0.0000
vt 0.9006 0.5219 0.0000
vt 0.8964 0.5326 0.0000
vt 0.8955 0.5289 0.0000
vt 0.8934 0.5304 0.0000
vt 0.8960 0.5198 0.0000
vt 0.8922 0.5277 0.0000
vt 0.8935 0.5201 0.0000
vt 0.8856 0.5222 0.0000
vt 0.8909 0.5203 0.0000
vt 0.8900 0.5308 0.0000
vt 0.9040 0.2571 0.0000
vt 0.9078 0.2708 0.0000
vt 0.8988 0.2641 0.0000
vt 0.9394 0.2615 0.0000
vt 0.9081 0.2535 0.0000
vt 0.9140 0.2659 0.0000
vt 0.9372 0.3411 0.0000
vt 0.9454 0.3455 0.0000
vt 0.9384 0.3523 0.0000
vt 0.9310 0.3740 0.0000
vt 0.9231 0.3524 0.0000
vt 0.9238 0.3423 0.0000
vt 0.9526 0.3508 0.0000
vt 0.9494 0.3584 0.0000
vt 0.9408 0.3772 0.0000
vt 0.9639 0.3534 0.0000
vt 0.9587 0.3619 0.0000
vt 0.9584 0.3394 0.0000
vt 0.9148 0.2746 0.0000
vt 0.9179 0.2742 0.0000
vt 0.9231 0.2742 0.0000
vt 0.9190 0.2970 0.0000
vt 0.9135 0.2962 0.0000
vt 0.9032 0.2922 0.0000
vt 0.8926 0.2871 0.0000
vt 0.9470 0.2904 0.0000
vt 0.9436 0.2672 0.0000
vt 0.9419 0.2929 0.0000
vt 0.9362 0.2950 0.0000
vt 0.9249 0.2965 0.0000
vt 0.9357 0.3178 0.0000
vt 0.9243 0.3198 0.0000
vt 0.9182 0.3194 0.0000
vt 0.9128 0.3185 0.0000
vt 0.9019 0.3154 0.0000
vt 0.8909 0.3106 0.0000
vt 0.9473 0.3130 0.0000
vt 0.9417 0.3154 0.0000
vt 0.9179 0.3418 0.0000
vt 0.9124 0.3410 0.0000
vt 0.8956 0.3370 0.0000
vt 0.8820 0.3277 0.0000
vt 0.9508 0.3337 0.0000
vt 0.9444 0.3365 0.0000
vt 0.9517 0.3420 0.0000
vt 0.8983 0.3481 0.0000
vt 0.9084 0.3718 0.0000
vt 0.8973 0.3713 0.0000
vt 0.9496 0.3815 0.0000
vt 0.9321 0.3975 0.0000
vt 0.9195 0.3729 0.0000
vt 0.9173 0.3519 0.0000
vt 0.9115 0.3511 0.0000
vt 0.9141 0.3724 0.0000
vt 0.9074 0.3926 0.0000
vt 0.8976 0.3933 0.0000
vt 0.9367 0.4100 0.0000
vt 0.9285 0.4066 0.0000
vt 0.9147 0.4251 0.0000
vt 0.9228 0.4273 0.0000
vt 0.9058 0.4238 0.0000
vt 0.8995 0.4026 0.0000
vt 0.9304 0.4300 0.0000
vt 0.9270 0.4512 0.0000
vt 0.9189 0.4484 0.0000
vt 0.9107 0.4462 0.0000
vt 0.9101 0.4242 0.0000
vt 0.9015 0.4447 0.0000
vt 0.8926 0.4443 0.0000
vt 0.8975 0.4237 0.0000
vt 0.9184 0.4826 0.0000
vt 0.9114 0.4801 0.0000
vt 0.9045 0.4783 0.0000
vt 0.9006 0.4777 0.0000
vt 0.9061 0.4453 0.0000
vt 0.8966 0.4773 0.0000
vt 0.8894 0.4771 0.0000
vt 0.9117 0.5033 0.0000
vt 0.9063 0.5008 0.0000
vt 0.9005 0.4993 0.0000
vt 0.8972 0.4987 0.0000
vt 0.8938 0.4987 0.0000
vt 0.8880 0.4990 0.0000
vt 0.9040 0.5266 0.0000
vt 0.5508 0.6075 0.0000
vt 0.5537 0.6294 0.0000
vt 0.5363 0.6104 0.0000
vt 0.5776 0.5994 0.0000
vt 0.5408 0.5933 0.0000
vt 0.4136 0.5413 0.0000
vt 0.4417 0.5361 0.0000
vt 0.4255 0.5607 0.0000
vt 0.4147 0.5217 0.0000
vt 0.4271 0.5209 0.0000
vt 0.4160 0.5038 0.0000
vt 0.4285 0.5002 0.0000
vt 0.4201 0.5055 0.0000
vt 0.4432 0.5005 0.0000
vt 0.4371 0.5145 0.0000
vt 0.4486 0.5090 0.0000
vt 0.4612 0.4990 0.0000
vt 0.4738 0.5180 0.0000
vt 0.4107 0.5065 0.0000
vt 0.4017 0.4894 0.0000
vt 0.3095 0.5497 0.0000
vt 0.3135 0.5391 0.0000
vt 0.3211 0.5417 0.0000
vt 0.3267 0.5572 0.0000
vt 0.3325 0.5416 0.0000
vt 0.3310 0.5333 0.0000
vt 0.2940 0.5591 0.0000
vt 0.2883 0.5572 0.0000
vt 0.2985 0.5458 0.0000
vt 0.4868 0.6319 0.0000
vt 0.5028 0.6416 0.0000
vt 0.4877 0.6399 0.0000
vt 0.4778 0.6094 0.0000
vt 0.5072 0.6152 0.0000
vt 0.4836 0.6202 0.0000
vt 0.4694 0.6338 0.0000
vt 0.4878 0.6471 0.0000
vt 0.2909 0.5347 0.0000
vt 0.3085 0.5364 0.0000
vt 0.2896 0.5163 0.0000
vt 0.3048 0.5263 0.0000
vt 0.3260 0.5266 0.0000
vt 0.4794 0.4953 0.0000
vt 0.3521 0.4984 0.0000
vt 0.3862 0.4719 0.0000
vt 0.3682 0.5141 0.0000
vt 0.5011 0.6781 0.0000
vt 0.5148 0.6613 0.0000
vt 0.5264 0.6701 0.0000
vt 0.4689 0.6686 0.0000
vt 0.4923 0.6686 0.0000
vt 0.5069 0.6532 0.0000
vt 0.5206 0.6389 0.0000
vt 0.5334 0.6422 0.0000
vt 0.5271 0.5918 0.0000
vt 0.5173 0.5511 0.0000
vt 0.5640 0.5494 0.0000
vt 0.4729 0.6844 0.0000
vt 0.4274 0.6555 0.0000
vt 0.4676 0.6521 0.0000
vt 0.4885 0.6581 0.0000
vt 0.4685 0.6457 0.0000
vt 0.4314 0.6364 0.0000
vt 0.4337 0.6299 0.0000
vt 0.4390 0.6167 0.0000
vt 0.4702 0.5629 0.0000
vt 0.4973 0.5969 0.0000
vt 0.5073 0.5922 0.0000
vt 0.5179 0.6166 0.0000
vt 0.5110 0.6321 0.0000
vt 0.4798 0.5552 0.0000
vt 0.5014 0.5523 0.0000
vt 0.4521 0.5284 0.0000
vt 0.4907 0.5134 0.0000
vt 0.5357 0.5049 0.0000
vt 0.4245 0.6744 0.0000
vt 0.3901 0.6347 0.0000
vt 0.3988 0.6144 0.0000
vt 0.4028 0.6075 0.0000
vt 0.4096 0.5940 0.0000
vt 0.4545 0.5857 0.0000
vt 0.3975 0.5809 0.0000
vt 0.3723 0.5408 0.0000
vt 0.3727 0.5247 0.0000
vt 0.3130 0.5206 0.0000
vt 0.3231 0.4802 0.0000
vt 0.5221 0.4869 0.0000
vt 0.3619 0.6427 0.0000
vt 0.3372 0.6044 0.0000
vt 0.3732 0.6243 0.0000
vt 0.3820 0.6530 0.0000
vt 0.3851 0.6040 0.0000
vt 0.3529 0.5860 0.0000
vt 0.3577 0.5802 0.0000
vt 0.3894 0.5966 0.0000
vt 0.3634 0.5692 0.0000
vt 0.3088 0.5594 0.0000
vt 0.3014 0.5584 0.0000
vt 0.3025 0.5469 0.0000
vt 0.3150 0.5683 0.0000
vt 0.3218 0.5615 0.0000
vt 0.3060 0.5763 0.0000
vt 0.2924 0.5770 0.0000
vt 0.3219 0.6157 0.0000
vt 0.3549 0.0804 0.0000
vt 0.3831 0.0737 0.0000
vt 0.3785 0.0955 0.0000
vt 0.4536 0.0948 0.0000
vt 0.4404 0.0915 0.0000
vt 0.4504 0.0786 0.0000
vt 0.4495 0.0510 0.0000
vt 0.4374 0.0451 0.0000
vt 0.4567 0.0693 0.0000
vt 0.4557 0.0442 0.0000
vt 0.4663 0.0716 0.0000
vt 0.4355 0.0773 0.0000
vt 0.4338 0.0547 0.0000
vt 0.4449 0.0701 0.0000
vt 0.3579 0.1027 0.0000
vt 0.4228 0.0406 0.0000
vt 0.3922 0.0918 0.0000
vt 0.3690 0.1118 0.0000
vt 0.3883 0.0702 0.0000
vt 0.4309 0.0296 0.0000
vt 0.4187 0.0266 0.0000
vt 0.5245 0.0469 0.0000
vt 0.5039 0.0289 0.0000
vt 0.5167 0.0286 0.0000
vt 0.5303 0.0316 0.0000
vt 0.3694 0.0550 0.0000
vt 0.3604 0.0687 0.0000
vt 0.3385 0.0948 0.0000
vt 0.3367 0.0693 0.0000
vt 0.3529 0.1249 0.0000
vt 0.3829 0.1161 0.0000
vt 0.3753 0.1344 0.0000
vt 0.4153 0.1305 0.0000
vt 0.4164 0.1102 0.0000
vt 0.4128 0.0880 0.0000
vt 0.4069 0.0608 0.0000
vt 0.4262 0.0535 0.0000
vt 0.3960 0.0415 0.0000
vt 0.3794 0.0263 0.0000
vt 0.4456 0.1060 0.0000
vt 0.4800 0.0354 0.0000
vt 0.5143 0.0579 0.0000
vt 0.4906 0.0684 0.0000
vt 0.3451 0.0479 0.0000
vt 0.1145 0.1586 0.0000
vt 0.1094 0.1694 0.0000
vt 0.0870 0.1486 0.0000
vt 0.0719 0.1835 0.0000
vt 0.1366 0.1728 0.0000
vt 0.1231 0.1916 0.0000
vt 0.0799 0.1934 0.0000
vt 0.0691 0.1454 0.0000
vt 0.0670 0.1714 0.0000
vt 0.0494 0.1740 0.0000
vt 0.0833 0.2040 0.0000
vt 0.1130 0.2204 0.0000
vt 0.0741 0.2112 0.0000
vt 0.0616 0.2013 0.0000
vt 0.1962 0.2142 0.0000
vt 0.1808 0.1924 0.0000
vt 0.2044 0.2015 0.0000
vt 0.1725 0.1638 0.0000
vt 0.1853 0.1809 0.0000
vt 0.1508 0.1805 0.0000
vt 0.2419 0.2057 0.0000
vt 0.2330 0.2231 0.0000
vt 0.1182 0.1430 0.0000
vt 0.1447 0.2063 0.0000
vt 0.1237 0.2076 0.0000
vt 0.0335 0.1916 0.0000
vt 0.0349 0.1702 0.0000
vt 0.0516 0.1888 0.0000
vt 0.0661 0.1291 0.0000
vt 0.0887 0.1256 0.0000
vt 0.0973 0.1080 0.0000
vt 0.1394 0.1378 0.0000
vt 0.1771 0.2086 0.0000
vt 0.1958 0.2379 0.0000
vt 0.1532 0.2230 0.0000
vt 0.1213 0.2255 0.0000
vt 0.0650 0.2350 0.0000
vt 0.0624 0.2225 0.0000
vt 0.0456 0.2125 0.0000
vt 0.0177 0.2032 0.0000
vt 0.0141 0.1723 0.0000
vt 0.0572 0.1125 0.0000
vt 0.2256 0.1616 0.0000
vt 0.2094 0.1913 0.0000
vt 0.2033 0.1578 0.0000
vt 0.2151 0.2350 0.0000
vt 0.0388 0.2278 0.0000
vt 0.9216 0.2045 0.0000
vt 0.9360 0.2214 0.0000
vt 0.9028 0.2139 0.0000
vt 0.9246 0.1940 0.0000
vt 0.9342 0.1995 0.0000
vt 0.8718 0.2125 0.0000
vt 0.8436 0.1986 0.0000
vt 0.8591 0.1933 0.0000
vt 0.8775 0.2308 0.0000
vt 0.9508 0.1546 0.0000
vt 0.9523 0.1620 0.0000
vt 0.9457 0.1602 0.0000
vt 0.9370 0.1518 0.0000
vt 0.9335 0.1453 0.0000
vt 0.9117 0.1583 0.0000
vt 0.9223 0.1667 0.0000
vt 0.9386 0.1763 0.0000
vt 0.8849 0.1406 0.0000
vt 0.8467 0.1550 0.0000
vt 0.8897 0.1207 0.0000
vt 0.9615 0.1307 0.0000
vt 0.9654 0.1543 0.0000
vt 0.9558 0.1440 0.0000
vt 0.9314 0.1305 0.0000
vt 0.9255 0.1182 0.0000
vt 0.9105 0.1314 0.0000
vt 0.8187 0.1922 0.0000
vt 0.7858 0.1707 0.0000
vt 0.8170 0.1809 0.0000
vt 0.8391 0.1781 0.0000
vt 0.8197 0.2027 0.0000
vt 0.7740 0.1831 0.0000
vt 0.9615 0.1937 0.0000
vt 0.9659 0.2389 0.0000
vt 0.9543 0.1851 0.0000
vt 0.9465 0.1807 0.0000
vt 0.9601 0.1605 0.0000
vt 0.9125 0.1892 0.0000
vt 0.8957 0.1760 0.0000
vt 0.9069 0.1503 0.0000
vt 0.9330 0.1403 0.0000
vt 0.9551 0.1494 0.0000
vt 0.7615 0.1569 0.0000
vt 0.7509 0.1661 0.0000
vt 0.7760 0.1381 0.0000
vt 0.7971 0.1498 0.0000
vt 0.8521 0.1667 0.0000
vt 0.8587 0.1795 0.0000
vt 0.8880 0.1624 0.0000
vt 0.7129 0.1696 0.0000
vt 0.7109 0.1763 0.0000
vt 0.7094 0.1714 0.0000
vt 0.7129 0.1840 0.0000
vt 0.7095 0.1816 0.0000
vt 0.7116 0.1801 0.0000
vt 0.6870 0.1814 0.0000
vt 0.6861 0.1754 0.0000
vt 0.5782 0.1827 0.0000
vt 0.5730 0.1835 0.0000
vt 0.5758 0.1763 0.0000
vt 0.5803 0.1730 0.0000
vt 0.5751 0.1676 0.0000
vt 0.6883 0.1903 0.0000
vt 0.5786 0.1634 0.0000
vt 0.6091 0.1651 0.0000
vt 0.6096 0.1733 0.0000
vt 0.6089 0.1791 0.0000
vt 0.6081 0.1876 0.0000
vt 0.6348 0.1790 0.0000
vt 0.6344 0.1860 0.0000
vt 0.6086 0.1589 0.0000
vt 0.6349 0.1666 0.0000
vt 0.6350 0.1734 0.0000
vt 0.6609 0.1796 0.0000
vt 0.6605 0.1743 0.0000
vt 0.6611 0.1871 0.0000
vt 0.6611 0.1614 0.0000
vt 0.6606 0.1667 0.0000
vt 0.6866 0.1671 0.0000
vt 0.6883 0.1610 0.0000
vt 0.9055 0.9031 0.0000
vt 0.8935 0.9071 0.0000
vt 0.8925 0.8924 0.0000
vt 0.9036 0.8804 0.0000
vt 0.9173 0.8956 0.0000
vt 0.9436 0.8197 0.0000
vt 0.9240 0.8259 0.0000
vt 0.9314 0.8125 0.0000
vt 0.9061 0.8125 0.0000
vt 0.9171 0.8015 0.0000
vt 0.9182 0.9582 0.0000
vt 0.9163 0.9761 0.0000
vt 0.9047 0.9679 0.0000
vt 0.9283 0.9671 0.0000
vt 0.9391 0.9783 0.0000
vt 0.9328 0.9461 0.0000
vt 0.9398 0.9553 0.0000
vt 0.9076 0.9810 0.0000
vt 0.8919 0.9861 0.0000
vt 0.8953 0.9723 0.0000
vt 0.9213 0.9900 0.0000
vt 0.9443 0.9337 0.0000
vt 0.9453 0.8983 0.0000
vt 0.9548 0.9286 0.0000
vt 0.9530 0.9425 0.0000
vt 0.8900 0.8633 0.0000
vt 0.8803 0.8675 0.0000
vt 0.8759 0.8581 0.0000
vt 0.9192 0.8803 0.0000
vt 0.8848 0.8747 0.0000
vt 0.8765 0.8932 0.0000
vt 0.8724 0.8861 0.0000
vt 0.8846 0.8935 0.0000
vt 0.8737 0.9104 0.0000
vt 0.8821 0.9116 0.0000
vt 0.8875 0.9447 0.0000
vt 0.9022 0.9354 0.0000
vt 0.9166 0.9238 0.0000
vt 0.9302 0.9131 0.0000
vt 0.9683 0.9241 0.0000
vt 0.9215 0.8524 0.0000
vt 0.9400 0.8341 0.0000
vt 0.9054 0.8421 0.0000
vt 0.8655 0.9490 0.0000
vt 0.8774 0.9463 0.0000
vt 0.8846 0.8306 0.0000
vt 0.9029 0.8701 0.0000
vt 0.9468 0.8822 0.0000
vt 0.9646 0.9584 0.0000
vt 0.9513 0.9819 0.0000
vt 0.8662 0.9017 0.0000
vt 0.0242 0.3095 0.0000
vt 0.0586 0.2998 0.0000
vt 0.0299 0.3117 0.0000
vt 0.0595 0.3341 0.0000
vt 0.0265 0.2985 0.0000
vt 0.0255 0.2653 0.0000
vt 0.0484 0.2811 0.0000
vt 0.2603 0.2953 0.0000
vt 0.2701 0.3034 0.0000
vt 0.2642 0.3066 0.0000
vt 0.2481 0.2923 0.0000
vt 0.2558 0.3117 0.0000
vt 0.2761 0.2896 0.0000
vt 0.2626 0.2918 0.0000
vt 0.2639 0.2871 0.0000
vt 0.2734 0.3009 0.0000
vt 0.2614 0.3159 0.0000
vt 0.2761 0.3081 0.0000
vt 0.2723 0.3202 0.0000
vt 0.2716 0.2745 0.0000
vt 0.2560 0.2814 0.0000
vt 0.2496 0.2856 0.0000
vt 0.2182 0.2801 0.0000
vt 0.2222 0.2709 0.0000
vt 0.2172 0.2903 0.0000
vt 0.1904 0.3246 0.0000
vt 0.1852 0.2899 0.0000
vt 0.2262 0.3288 0.0000
vt 0.1934 0.3356 0.0000
vt 0.1572 0.3292 0.0000
vt 0.1641 0.3686 0.0000
vt 0.1579 0.3433 0.0000
vt 0.1232 0.3771 0.0000
vt 0.1239 0.3467 0.0000
vt 0.1526 0.2399 0.0000
vt 0.1164 0.2650 0.0000
vt 0.1114 0.2397 0.0000
vt 0.0700 0.2448 0.0000
vt 0.0819 0.2693 0.0000
vt 0.1202 0.2772 0.0000
vt 0.0882 0.2823 0.0000
vt 0.0914 0.2932 0.0000
vt 0.1225 0.2926 0.0000
vt 0.0547 0.2912 0.0000
vt 0.0906 0.3348 0.0000
vt 0.0895 0.3481 0.0000
vt 0.0554 0.3436 0.0000
vt 0.0356 0.3238 0.0000
vt 0.0258 0.3242 0.0000
vt 0.0147 0.2986 0.0000
vt 0.0100 0.3030 0.0000
vt 0.0201 0.3248 0.0000
vt 0.0378 0.3598 0.0000
vt 0.0230 0.3048 0.0000
vt 0.0782 0.3775 0.0000
vt 0.1239 0.3319 0.0000
vt 0.1538 0.2909 0.0000
vt 0.1522 0.2772 0.0000
vt 0.1850 0.2777 0.0000
vt 0.1855 0.2665 0.0000
vt 0.2326 0.2536 0.0000
vt 0.2231 0.3204 0.0000
vt 0.2369 0.3446 0.0000
vt 0.2018 0.3572 0.0000
vt 0.1928 0.2463 0.0000
vt 0.1517 0.2654 0.0000
vt 0.9556 0.7140 0.0000
vt 0.9614 0.7192 0.0000
vt 0.9519 0.7258 0.0000
vt 0.9404 0.7272 0.0000
vt 0.9437 0.7103 0.0000
vt 0.9298 0.7052 0.0000
vt 0.9100 0.6988 0.0000
vt 0.9305 0.6894 0.0000
vt 0.9600 0.6595 0.0000
vt 0.9674 0.6760 0.0000
vt 0.9589 0.6751 0.0000
vt 0.9674 0.6605 0.0000
vt 0.9434 0.6487 0.0000
vt 0.9517 0.6395 0.0000
vt 0.9153 0.6583 0.0000
vt 0.8965 0.6646 0.0000
vt 0.9131 0.6451 0.0000
vt 0.9284 0.6388 0.0000
vt 0.9359 0.6630 0.0000
vt 0.9748 0.6772 0.0000
vt 0.9801 0.6642 0.0000
vt 0.9649 0.6881 0.0000
vt 0.9900 0.6829 0.0000
vt 0.9756 0.6910 0.0000
vt 0.9485 0.7313 0.0000
vt 0.9087 0.6761 0.0000
vt 0.9333 0.6758 0.0000
vt 0.9352 0.7390 0.0000
vt 0.9090 0.7510 0.0000
vt 0.9200 0.7294 0.0000
vt 0.9311 0.7583 0.0000
vt 0.9491 0.7434 0.0000
vt 0.9522 0.7599 0.0000
vt 0.9290 0.7738 0.0000
vt 0.9858 0.7053 0.0000
vt 0.9611 0.7011 0.0000
vt 0.9500 0.6988 0.0000
vt 0.9554 0.6867 0.0000
vt 0.9217 0.7175 0.0000
vt 0.8946 0.6949 0.0000
vt 0.9042 0.7684 0.0000
vt 0.9060 0.7837 0.0000
vt 0.9285 0.7873 0.0000
vt 0.9115 0.7922 0.0000
vt 0.9523 0.7754 0.0000
vt 0.9505 0.7894 0.0000
vt 0.9640 0.6388 0.0000
vt 0.9712 0.7044 0.0000
vt 0.9705 0.7248 0.0000
vt 0.5122 0.9392 0.0000
vt 0.5033 0.9556 0.0000
vt 0.4898 0.9434 0.0000
vt 0.5250 0.9028 0.0000
vt 0.5188 0.7171 0.0000
vt 0.4993 0.6940 0.0000
vt 0.5245 0.6959 0.0000
vt 0.5085 0.7097 0.0000
vt 0.5101 0.7346 0.0000
vt 0.5067 0.7236 0.0000
vt 0.4829 0.7204 0.0000
vt 0.4850 0.9900 0.0000
vt 0.4726 0.9606 0.0000
vt 0.4884 0.9751 0.0000
vt 0.4993 0.9812 0.0000
vt 0.4717 0.6940 0.0000
vt 0.4852 0.7310 0.0000
vt 0.5249 0.9654 0.0000
vt 0.5359 0.9556 0.0000
vt 0.5482 0.9831 0.0000
vt 0.5160 0.9849 0.0000
vt 0.5476 0.7800 0.0000
vt 0.5189 0.7868 0.0000
vt 0.5891 0.8142 0.0000
vt 0.5723 0.7617 0.0000
vt 0.4163 0.8206 0.0000
vt 0.4509 0.7805 0.0000
vt 0.4500 0.8281 0.0000
vt 0.4159 0.8737 0.0000
vt 0.4508 0.8729 0.0000
vt 0.4808 0.8274 0.0000
vt 0.4808 0.8665 0.0000
vt 0.4572 0.9181 0.0000
vt 0.4829 0.9049 0.0000
vt 0.5594 0.8691 0.0000
vt 0.5537 0.9142 0.0000
vt 0.5871 0.9297 0.0000
vt 0.4532 0.9809 0.0000
vt 0.4209 0.9279 0.0000
vt 0.5531 0.8238 0.0000
vt 0.5939 0.8695 0.0000
vt 0.5223 0.8255 0.0000
vt 0.4814 0.7859 0.0000
vt 0.4662 0.7231 0.0000
vt 0.4202 0.7652 0.0000
vt 0.5253 0.8662 0.0000
vt 0.4014 0.2631 0.0000
vt 0.3890 0.2538 0.0000
vt 0.4015 0.2541 0.0000
vt 0.3862 0.2659 0.0000
vt 0.3609 0.2522 0.0000
vt 0.3890 0.2756 0.0000
vt 0.3800 0.2740 0.0000
vt 0.3602 0.2634 0.0000
vt 0.4602 0.2560 0.0000
vt 0.4672 0.2558 0.0000
vt 0.4646 0.2605 0.0000
vt 0.4605 0.2490 0.0000
vt 0.4519 0.2541 0.0000
vt 0.4533 0.2607 0.0000
vt 0.4475 0.2968 0.0000
vt 0.4630 0.2814 0.0000
vt 0.4568 0.3018 0.0000
vt 0.4605 0.2979 0.0000
vt 0.4661 0.2907 0.0000
vt 0.5198 0.2307 0.0000
vt 0.5109 0.2287 0.0000
vt 0.5175 0.2261 0.0000
vt 0.5179 0.2336 0.0000
vt 0.5155 0.2307 0.0000
vt 0.5049 0.2198 0.0000
vt 0.5056 0.2342 0.0000
vt 0.5046 0.2291 0.0000
vt 0.3903 0.2911 0.0000
vt 0.3941 0.2867 0.0000
vt 0.3968 0.2910 0.0000
vt 0.3839 0.2880 0.0000
vt 0.3909 0.2879 0.0000
vt 0.3855 0.2930 0.0000
vt 0.5177 0.2375 0.0000
vt 0.2617 0.2360 0.0000
vt 0.2587 0.2446 0.0000
vt 0.2526 0.2407 0.0000
vt 0.2569 0.2252 0.0000
vt 0.2539 0.2558 0.0000
vt 0.3734 0.2917 0.0000
vt 0.3736 0.2835 0.0000
vt 0.3850 0.2812 0.0000
vt 0.5150 0.2462 0.0000
vt 0.5120 0.2426 0.0000
vt 0.5086 0.2389 0.0000
vt 0.5686 0.2806 0.0000
vt 0.5395 0.2870 0.0000
vt 0.5391 0.2809 0.0000
vt 0.5700 0.2777 0.0000
vt 0.5422 0.2644 0.0000
vt 0.5735 0.2794 0.0000
vt 0.4635 0.2683 0.0000
vt 0.4920 0.2558 0.0000
vt 0.4912 0.2627 0.0000
vt 0.4887 0.2703 0.0000
vt 0.3951 0.2700 0.0000
vt 0.4049 0.2737 0.0000
vt 0.3990 0.2698 0.0000
vt 0.3953 0.2784 0.0000
vt 0.4087 0.2652 0.0000
vt 0.4274 0.2717 0.0000
vt 0.4043 0.2693 0.0000
vt 0.4269 0.2764 0.0000
vt 0.4252 0.2889 0.0000
vt 0.4014 0.2469 0.0000
vt 0.4270 0.2530 0.0000
vt 0.4255 0.2444 0.0000
vt 0.4496 0.2483 0.0000
vt 0.4591 0.2371 0.0000
vt 0.4590 0.2450 0.0000
vt 0.4795 0.2285 0.0000
vt 0.4818 0.2366 0.0000
vt 0.4832 0.2410 0.0000
vt 0.4627 0.2524 0.0000
vt 0.4855 0.2451 0.0000
vt 0.4884 0.2492 0.0000
vt 0.4903 0.2534 0.0000
vt 0.4690 0.2611 0.0000
vt 0.4277 0.2617 0.0000
vt 0.3898 0.2451 0.0000
vt 0.3913 0.2311 0.0000
vt 0.4021 0.2841 0.0000
vt 0.3626 0.2417 0.0000
vt 0.3839 0.2241 0.0000
vt 0.3634 0.2270 0.0000
vt 0.3363 0.2393 0.0000
vt 0.3376 0.2218 0.0000
vt 0.3602 0.2698 0.0000
vt 0.3345 0.2645 0.0000
vt 0.3358 0.2515 0.0000
vt 0.3110 0.2374 0.0000
vt 0.3104 0.2502 0.0000
vt 0.3116 0.2190 0.0000
vt 0.3079 0.2710 0.0000
vt 0.3087 0.2638 0.0000
vt 0.2848 0.2484 0.0000
vt 0.2861 0.2360 0.0000
vt 0.2849 0.2183 0.0000
vt 0.2806 0.2674 0.0000
vt 0.2822 0.2608 0.0000
vt 0.2612 0.2552 0.0000
vt 0.4279 0.2667 0.0000
vt 0.4516 0.2678 0.0000
vt 0.4507 0.2742 0.0000
vt 0.4511 0.2809 0.0000
vt 0.4624 0.2744 0.0000
vt 0.4878 0.2768 0.0000
vt 0.4882 0.2842 0.0000
vt 0.5124 0.2838 0.0000
vt 0.5153 0.2614 0.0000
vt 0.5148 0.2663 0.0000
vt 0.5142 0.2726 0.0000
vt 0.5135 0.2783 0.0000
vt 0.5397 0.2753 0.0000
vt 0.5406 0.2697 0.0000
vt 0.5726 0.2789 0.0000
vt 0.4000 0.2819 0.0000
vt 0.7910 0.0417 0.0000
vt 0.7694 0.0842 0.0000
vt 0.7678 0.0456 0.0000
vt 0.7830 0.0659 0.0000
vt 0.7829 0.0857 0.0000
vt 0.8075 0.0239 0.0000
vt 0.8303 0.0226 0.0000
vt 0.8181 0.0295 0.0000
vt 0.8057 0.0418 0.0000
vt 0.8445 0.0410 0.0000
vt 0.8593 0.0313 0.0000
vt 0.8622 0.0445 0.0000
vt 0.8511 0.0622 0.0000
vt 0.7998 0.1136 0.0000
vt 0.8213 0.1127 0.0000
vt 0.8174 0.1234 0.0000
vt 0.7992 0.1296 0.0000
vt 0.8347 0.1193 0.0000
vt 0.8271 0.1351 0.0000
vt 0.8636 0.0607 0.0000
vt 0.8639 0.0778 0.0000
vt 0.8570 0.0890 0.0000
vt 0.8429 0.0665 0.0000
vt 0.8089 0.0766 0.0000
vt 0.8080 0.1081 0.0000
vt 0.7953 0.0822 0.0000
vt 0.8165 0.1023 0.0000
vt 0.8246 0.0753 0.0000
vt 0.8261 0.0989 0.0000
vt 0.8134 0.0661 0.0000
vt 0.8252 0.0523 0.0000
vt 0.8363 0.0714 0.0000
vt 0.8942 0.0617 0.0000
vt 0.9060 0.0444 0.0000
vt 0.9115 0.0581 0.0000
vt 0.8760 0.0597 0.0000
vt 0.8895 0.0516 0.0000
vt 0.8630 0.1040 0.0000
vt 0.8731 0.0888 0.0000
vt 0.8769 0.1115 0.0000
vt 0.8567 0.1296 0.0000
vt 0.8524 0.1130 0.0000
vt 0.8477 0.0977 0.0000
vt 0.8364 0.0987 0.0000
vt 0.8321 0.0450 0.0000
vt 0.8708 0.0156 0.0000
vt 0.8753 0.0279 0.0000
vt 0.8946 0.0225 0.0000
vt 0.7975 0.0169 0.0000
vt 0.9276 0.0523 0.0000
vt 0.9144 0.0141 0.0000
vt 0.9245 0.0386 0.0000
vt 0.7974 0.0650 0.0000
vt 0.6899 0.2557 0.0000
vt 0.6935 0.2728 0.0000
vt 0.6626 0.2915 0.0000
vt 0.6964 0.2885 0.0000
vt 0.7003 0.2485 0.0000
vt 0.8324 0.2584 0.0000
vt 0.8029 0.2564 0.0000
vt 0.8036 0.2410 0.0000
vt 0.8141 0.2367 0.0000
vt 0.8375 0.2621 0.0000
vt 0.8273 0.2695 0.0000
vt 0.7181 0.2806 0.0000
vt 0.7218 0.2469 0.0000
vt 0.7327 0.2556 0.0000
vt 0.7078 0.2801 0.0000
vt 0.7330 0.3067 0.0000
vt 0.7294 0.3183 0.0000
vt 0.7604 0.2821 0.0000
vt 0.7559 0.2342 0.0000
vt 0.7689 0.2947 0.0000
vt 0.8518 0.2763 0.0000
vt 0.8439 0.2637 0.0000
vt 0.8496 0.2588 0.0000
vt 0.5939 0.2183 0.0000
vt 0.6286 0.2190 0.0000
vt 0.5942 0.2290 0.0000
vt 0.8245 0.2314 0.0000
vt 0.8177 0.2150 0.0000
vt 0.6312 0.2728 0.0000
vt 0.6749 0.2290 0.0000
vt 0.7538 0.2267 0.0000
vt 0.7529 0.2186 0.0000
vt 0.7390 0.2141 0.0000
vt 0.6295 0.2101 0.0000
vt 0.6827 0.2183 0.0000
vt 0.6169 0.2902 0.0000
vt 0.8406 0.2787 0.0000
vt 0.7933 0.3360 0.0000
vt 0.7846 0.3270 0.0000
vt 0.7796 0.3199 0.0000
vt 0.8335 0.2746 0.0000
vt 0.7276 0.3269 0.0000
vt 0.7758 0.3091 0.0000
vt 0.7006 0.2841 0.0000
vt 0.7126 0.2439 0.0000
vt 0.6627 0.3083 0.0000
vt 0.7280 0.3356 0.0000
vt 0.7799 0.6155 0.0000
vt 0.7765 0.6381 0.0000
vt 0.7693 0.6122 0.0000
vt 0.7627 0.6212 0.0000
vt 0.7723 0.6411 0.0000
vt 0.7707 0.6035 0.0000
vt 0.7812 0.6053 0.0000
vt 0.7778 0.7607 0.0000
vt 0.7685 0.7660 0.0000
vt 0.7752 0.7545 0.0000
vt 0.7837 0.7484 0.0000
vt 0.7849 0.7570 0.0000
vt 0.8526 0.4725 0.0000
vt 0.8499 0.4770 0.0000
vt 0.8485 0.4752 0.0000
vt 0.8534 0.4748 0.0000
vt 0.7994 0.7497 0.0000
vt 0.7945 0.7594 0.0000
vt 0.7913 0.7641 0.0000
vt 0.8036 0.7532 0.0000
vt 0.7995 0.7683 0.0000
vt 0.7970 0.7626 0.0000
vt 0.7251 0.6187 0.0000
vt 0.7388 0.6140 0.0000
vt 0.7251 0.6176 0.0000
vt 0.7254 0.6157 0.0000
vt 0.7413 0.6179 0.0000
vt 0.7818 0.7694 0.0000
vt 0.7230 0.6166 0.0000
vt 0.7365 0.6217 0.0000
vt 0.7886 0.6074 0.0000
vt 0.7862 0.6171 0.0000
vt 0.7390 0.6091 0.0000
vt 0.7602 0.6098 0.0000
vt 0.8021 0.6403 0.0000
vt 0.7920 0.6180 0.0000
vt 0.8022 0.6190 0.0000
vt 0.7551 0.5889 0.0000
vt 0.7493 0.5887 0.0000
vt 0.7579 0.5845 0.0000
vt 0.7385 0.5712 0.0000
vt 0.7675 0.6654 0.0000
vt 0.7553 0.6460 0.0000
vt 0.7624 0.6453 0.0000
vt 0.7760 0.6623 0.0000
vt 0.7704 0.6865 0.0000
vt 0.7930 0.6835 0.0000
vt 0.7894 0.6609 0.0000
vt 0.7806 0.7062 0.0000
vt 0.7978 0.7052 0.0000
vt 0.8027 0.7060 0.0000
vt 0.7980 0.6841 0.0000
vt 0.8015 0.7277 0.0000
vt 0.8069 0.7296 0.0000
vt 0.8124 0.7078 0.0000
vt 0.8172 0.7340 0.0000
vt 0.7580 0.7387 0.0000
vt 0.7716 0.7323 0.0000
vt 0.7820 0.7282 0.0000
vt 0.7714 0.7079 0.0000
vt 0.7785 0.6842 0.0000
vt 0.7621 0.6906 0.0000
vt 0.7926 0.6389 0.0000
vt 0.8047 0.6618 0.0000
vt 0.7948 0.6610 0.0000
vt 0.7868 0.6387 0.0000
vt 0.7933 0.6084 0.0000
vt 0.8012 0.6092 0.0000
vt 0.8096 0.5911 0.0000
vt 0.8027 0.5888 0.0000
vt 0.7791 0.6011 0.0000
vt 0.7930 0.5838 0.0000
vt 0.7993 0.5870 0.0000
vt 0.8098 0.5668 0.0000
vt 0.8140 0.5683 0.0000
vt 0.8216 0.5718 0.0000
vt 0.7894 0.5817 0.0000
vt 0.8024 0.5633 0.0000
vt 0.8199 0.5467 0.0000
vt 0.8133 0.5437 0.0000
vt 0.8236 0.5481 0.0000
vt 0.8300 0.5507 0.0000
vt 0.8101 0.5415 0.0000
vt 0.7983 0.5607 0.0000
vt 0.8241 0.5240 0.0000
vt 0.8297 0.5267 0.0000
vt 0.8328 0.5279 0.0000
vt 0.8384 0.5296 0.0000
vt 0.8214 0.5221 0.0000
vt 0.8300 0.5015 0.0000
vt 0.8330 0.5037 0.0000
vt 0.8394 0.5063 0.0000
vt 0.8427 0.5073 0.0000
vt 0.8493 0.5087 0.0000
vt 0.8510 0.4858 0.0000
vt 0.8414 0.4825 0.0000
vt 0.8431 0.4843 0.0000
vt 0.8484 0.4857 0.0000
vt 0.8566 0.4742 0.0000
vt 0.8556 0.4857 0.0000
vt 0.7813 0.6381 0.0000
vt 0.7548 0.6283 0.0000
vt 0.8077 0.6848 0.0000
vt 0.7612 0.7115 0.0000
vt 0.6802 0.5949 0.0000
vt 0.6785 0.5819 0.0000
vt 0.6962 0.5875 0.0000
vt 0.6573 0.8260 0.0000
vt 0.6333 0.8052 0.0000
vt 0.6500 0.7934 0.0000
vt 0.6629 0.8354 0.0000
vt 0.6561 0.8343 0.0000
vt 0.6525 0.5863 0.0000
vt 0.6623 0.5981 0.0000
vt 0.6569 0.6018 0.0000
vt 0.6454 0.6130 0.0000
vt 0.6352 0.6052 0.0000
vt 0.6687 0.8276 0.0000
vt 0.6742 0.8207 0.0000
vt 0.6722 0.8306 0.0000
vt 0.6659 0.8406 0.0000
vt 0.6679 0.8199 0.0000
vt 0.6273 0.6229 0.0000
vt 0.6655 0.6196 0.0000
vt 0.6445 0.6244 0.0000
vt 0.6809 0.8197 0.0000
vt 0.7007 0.7995 0.0000
vt 0.6806 0.8301 0.0000
vt 0.6799 0.7904 0.0000
vt 0.6903 0.7948 0.0000
vt 0.6564 0.8384 0.0000
vt 0.6572 0.8471 0.0000
vt 0.6267 0.5782 0.0000
vt 0.6258 0.6024 0.0000
vt 0.6075 0.5857 0.0000
vt 0.6656 0.5830 0.0000
vt 0.6692 0.5962 0.0000
vt 0.6767 0.6164 0.0000
vt 0.6766 0.6550 0.0000
vt 0.6703 0.6177 0.0000
vt 0.6694 0.6558 0.0000
vt 0.6413 0.6585 0.0000
vt 0.6161 0.6201 0.0000
vt 0.6210 0.6596 0.0000
vt 0.6092 0.6587 0.0000
vt 0.5828 0.6551 0.0000
vt 0.5914 0.6068 0.0000
vt 0.6880 0.6139 0.0000
vt 0.6971 0.6497 0.0000
vt 0.7110 0.6067 0.0000
vt 0.7238 0.6458 0.0000
vt 0.6844 0.6526 0.0000
vt 0.6902 0.6869 0.0000
vt 0.6798 0.6889 0.0000
vt 0.6718 0.6902 0.0000
vt 0.6404 0.6938 0.0000
vt 0.6206 0.6961 0.0000
vt 0.6069 0.6969 0.0000
vt 0.5814 0.7016 0.0000
vt 0.7035 0.6860 0.0000
vt 0.7311 0.7256 0.0000
vt 0.7071 0.7235 0.0000
vt 0.6949 0.7224 0.0000
vt 0.6828 0.7232 0.0000
vt 0.6728 0.7247 0.0000
vt 0.6419 0.7284 0.0000
vt 0.6210 0.7323 0.0000
vt 0.6087 0.7356 0.0000
vt 0.7300 0.7684 0.0000
vt 0.7070 0.7625 0.0000
vt 0.6956 0.7602 0.0000
vt 0.6838 0.7582 0.0000
vt 0.6725 0.7576 0.0000
vt 0.6449 0.7613 0.0000
vt 0.6232 0.7690 0.0000
vt 0.5863 0.7447 0.0000
vt 0.6140 0.7741 0.0000
vt 0.5964 0.7866 0.0000
vt 0.6282 0.8122 0.0000
vt 0.6198 0.8257 0.0000
vt 0.7164 0.8150 0.0000
vt 0.6705 0.7903 0.0000
vt 0.4869 0.2029 0.0000
vt 0.4950 0.1973 0.0000
vt 0.4946 0.2018 0.0000
vt 0.4926 0.2099 0.0000
vt 0.4980 0.2001 0.0000
vt 0.4643 0.1976 0.0000
vt 0.4626 0.2069 0.0000
vt 0.4826 0.2146 0.0000
vt 0.4860 0.1863 0.0000
vt 0.4953 0.1831 0.0000
vt 0.4979 0.1902 0.0000
vt 0.4064 0.1615 0.0000
vt 0.4234 0.1552 0.0000
vt 0.4080 0.1629 0.0000
vt 0.4073 0.1597 0.0000
vt 0.4281 0.1661 0.0000
vt 0.4050 0.2112 0.0000
vt 0.3994 0.1933 0.0000
vt 0.4122 0.1924 0.0000
vt 0.4031 0.1669 0.0000
vt 0.4007 0.1593 0.0000
vt 0.4091 0.1498 0.0000
vt 0.4216 0.1512 0.0000
vt 0.4008 0.2219 0.0000
vt 0.3957 0.2092 0.0000
vt 0.4114 0.2271 0.0000
vt 0.2719 0.1626 0.0000
vt 0.2587 0.1564 0.0000
vt 0.2712 0.1514 0.0000
vt 0.4958 0.1916 0.0000
vt 0.5022 0.2023 0.0000
vt 0.4283 0.1456 0.0000
vt 0.4300 0.1485 0.0000
vt 0.4296 0.1466 0.0000
vt 0.4267 0.1488 0.0000
vt 0.4316 0.1461 0.0000
vt 0.4996 0.1621 0.0000
vt 0.4838 0.1694 0.0000
vt 0.4893 0.1551 0.0000
vt 0.2590 0.1653 0.0000
vt 0.2560 0.1480 0.0000
vt 0.4151 0.1690 0.0000
vt 0.4298 0.1460 0.0000
vt 0.4301 0.1443 0.0000
vt 0.2652 0.1730 0.0000
vt 0.2555 0.1868 0.0000
vt 0.4706 0.1832 0.0000
vt 0.4857 0.1935 0.0000
vt 0.4659 0.1883 0.0000
vt 0.4831 0.1821 0.0000
vt 0.4700 0.1662 0.0000
vt 0.4692 0.1711 0.0000
vt 0.4426 0.1628 0.0000
vt 0.4820 0.1756 0.0000
vt 0.4686 0.1765 0.0000
vt 0.4412 0.1734 0.0000
vt 0.4418 0.1681 0.0000
vt 0.4400 0.1834 0.0000
vt 0.4278 0.1718 0.0000
vt 0.4269 0.1820 0.0000
vt 0.4132 0.1808 0.0000
vt 0.4385 0.1932 0.0000
vt 0.4253 0.1923 0.0000
vt 0.4005 0.1805 0.0000
vt 0.3719 0.1993 0.0000
vt 0.3744 0.1883 0.0000
vt 0.3745 0.1444 0.0000
vt 0.3498 0.1532 0.0000
vt 0.3491 0.1423 0.0000
vt 0.3758 0.1666 0.0000
vt 0.3500 0.1648 0.0000
vt 0.3251 0.1634 0.0000
vt 0.3241 0.1513 0.0000
vt 0.3495 0.1758 0.0000
vt 0.3251 0.1751 0.0000
vt 0.3001 0.1737 0.0000
vt 0.2993 0.1620 0.0000
vt 0.2990 0.1855 0.0000
vt 0.3237 0.1866 0.0000
vt 0.2736 0.1853 0.0000
vt 0.2764 0.1722 0.0000
vt 0.2643 0.1824 0.0000
vt 0.2969 0.1983 0.0000
vt 0.2662 0.1980 0.0000
vt 0.2959 0.1386 0.0000
vt 0.2978 0.1503 0.0000
vt 0.3232 0.1397 0.0000
vt 0.3216 0.1979 0.0000
vt 0.3482 0.1869 0.0000
vt 0.3467 0.1991 0.0000
vt 0.3756 0.1776 0.0000
vt 0.3825 0.1551 0.0000
vt 0.3974 0.1509 0.0000
vt 0.3906 0.2159 0.0000
vt 0.3979 0.1437 0.0000
vt 0.4242 0.2030 0.0000
vt 0.4368 0.2031 0.0000
vt 0.4291 0.1610 0.0000
vt 0.4948 0.1762 0.0000
vt 0.5193 0.1718 0.0000
vt 0.5176 0.1776 0.0000
vt 0.5179 0.1838 0.0000
vt 0.5213 0.1661 0.0000
vt 0.4962 0.1697 0.0000
vt 0.5470 0.1770 0.0000
vt 0.5446 0.1798 0.0000
vt 0.5413 0.1777 0.0000
vt 0.5404 0.1804 0.0000
vt 0.5201 0.1894 0.0000
vt 0.4198 0.1467 0.0000
vt 0.4279 0.1429 0.0000
vt 0.4145 0.2348 0.0000
vt 0.4169 0.2332 0.0000
vt 0.4090 0.1427 0.0000
vt 0.4198 0.1424 0.0000
vt 0.7421 0.1207 0.0000
vt 0.9500 0.5966 0.0000
vt 0.9464 0.4732 0.0000
vt 0.9429 0.5933 0.0000
vt 0.9363 0.5244 0.0000
vt 0.3934 0.8791 0.0000
vt 0.0100 0.4323 0.0000
vt 0.3167 0.4104 0.0000
vt 0.6646 0.0580 0.0000
vt 0.1343 0.0959 0.0000
vt 0.1913 0.0243 0.0000
vt 0.3122 0.0864 0.0000
vt 0.6002 0.4410 0.0000
vt 0.9417 0.4017 0.0000
vt 0.5733 0.6240 0.0000
vt 0.3503 0.4490 0.0000
vt 0.8308 0.1674 0.0000
vt 0.7146 0.1735 0.0000
vt 0.6347 0.1616 0.0000
vt 0.9246 0.7948 0.0000
vt 0.3945 0.2942 0.0000
vt 0.5216 0.2350 0.0000
vt 0.4676 0.2512 0.0000
vt 0.4495 0.2383 0.0000
vt 0.3909 0.2693 0.0000
vt 0.3342 0.2714 0.0000
vt 0.8837 0.0741 0.0000
vt 0.8505 0.0198 0.0000
vt 0.8093 0.7615 0.0000
vt 0.7572 0.6696 0.0000
vt 0.6409 0.5807 0.0000
vt 0.7304 0.6857 0.0000
vt 0.6785 0.8434 0.0000
vt 0.4079 0.2301 0.0000
vt 0.2663 0.1393 0.0000
# 1843 texture coords

o obj1
g obj1
usemtl Campfire_mat0
s 1
f 1/1/1 2/2/2 3/3/3 
f 1/1/1 4/4/4 5/5/5 
f 5/5/5 6/6/6 1/1/1 
f 4/4/4 7/7/7 5/5/5 
f 8/8/8 9/9/9 10/10/10 
f 11/11/11 12/12/12 9/9/9 
f 11/11/11 13/13/13 14/14/14 
f 10/10/10 15/15/15 8/8/8 
f 16/16/16 10/10/10 17/17/17 
f 18/18/18 6/6/6 7/7/7 
f 19/19/19 2/2/2 6/6/6 
f 19/20/19 20/21/20 21/22/21 
f 17/23/17 10/10/10 9/9/9 
f 17/23/17 12/12/12 22/24/22 
f 15/15/15 13/13/13 8/8/8 
f 15/15/15 23/25/23 24/26/24 
f 20/21/20 7/7/7 25/27/25 
f 20/21/20 26/28/26 27/29/27 
f 25/27/25 28/30/28 26/28/26 
f 28/30/28 29/31/29 26/28/26 
f 28/30/28 30/32/30 31/33/31 
f 31/33/31 32/34/32 33/35/33 
f 30/32/30 34/36/34 35/37/35 
f 32/34/32 35/37/35 36/38/36 
f 36/38/36 37/39/37 38/40/38 
f 36/38/36 39/41/39 40/42/40 
f 41/43/41 38/44/38 42/45/42 
f 39/46/39 43/47/43 44/48/44 
f 41/43/41 45/49/45 43/47/43 
f 45/49/45 23/25/23 43/47/43 
f 24/26/24 46/50/46 13/13/13 
f 13/13/13 47/51/47 14/14/14 
f 14/14/14 48/52/48 12/12/12 
f 22/24/22 48/52/48 44/53/44 
f 43/47/43 22/54/22 44/48/44 
f 22/54/22 16/16/16 17/17/17 
f 44/53/44 40/42/40 39/41/39 
f 40/42/40 47/51/47 49/55/49 
f 49/55/49 36/38/36 40/42/40 
f 50/56/50 32/34/32 49/55/49 
f 29/31/29 33/35/33 51/57/51 
f 52/58/52 26/28/26 29/31/29 
f 27/29/27 37/59/37 53/60/53 
f 20/21/20 53/60/53 21/22/21 
f 53/61/53 2/2/2 21/62/21 
f 3/3/3 34/36/34 54/63/54 
f 3/3/3 28/30/28 4/4/4 
f 35/37/35 53/61/53 37/39/37 
f 37/59/37 42/45/42 38/44/38 
f 52/58/52 51/57/51 42/45/42 
f 42/45/42 55/64/55 41/43/41 
f 51/57/51 50/56/50 55/64/55 
f 45/49/45 50/56/50 46/50/46 
f 49/55/49 46/50/46 50/56/50 
f 56/65/56 57/66/57 58/67/58 
f 56/65/56 58/67/58 59/68/59 
f 60/69/60 61/70/61 62/71/62 
f 63/72/63 64/73/64 65/74/65 
f 63/75/63 66/76/66 67/77/67 
f 68/78/68 69/79/69 70/80/70 
f 71/81/71 68/78/68 72/82/72 
f 72/82/72 70/80/70 73/83/73 
f 74/84/74 75/85/75 76/86/76 
f 74/87/74 77/88/77 78/89/78 
f 79/90/79 78/91/78 80/92/80 
f 81/93/81 82/94/82 83/95/83 
f 83/96/83 66/76/66 65/97/65 
f 83/95/83 64/73/64 81/93/81 
f 84/98/84 85/99/85 61/70/61 
f 61/70/61 85/99/85 86/100/86 
f 77/88/77 80/92/80 78/89/78 
f 87/101/87 88/102/88 89/103/89 
f 87/101/87 90/104/90 80/92/80 
f 87/101/87 91/105/91 92/106/92 
f 91/105/91 85/99/85 92/106/92 
f 62/71/62 91/105/91 93/107/93 
f 60/69/60 93/107/93 94/108/94 
f 57/66/57 94/108/94 95/109/95 
f 58/67/58 95/109/95 96/110/96 
f 60/69/60 97/111/97 84/98/84 
f 58/67/58 81/93/81 59/68/59 
f 64/73/64 72/82/72 81/93/81 
f 59/68/59 72/82/72 73/83/73 
f 71/81/71 64/73/64 63/72/63 
f 98/112/98 96/110/96 95/109/95 
f 95/109/95 75/113/75 98/112/98 
f 94/108/94 76/114/76 75/113/75 
f 93/107/93 77/88/77 76/114/76 
f 98/115/98 66/76/66 82/116/82 
f 98/115/98 79/90/79 99/117/99 
f 66/76/66 90/104/90 67/77/67 
f 99/117/99 80/92/80 90/104/90 
f 62/71/62 61/70/61 86/100/86 
f 92/106/92 100/118/100 88/102/88 
f 69/79/69 88/102/88 100/118/100 
f 70/80/70 97/111/97 56/65/56 
f 100/118/100 97/111/97 69/79/69 
f 73/83/73 56/65/56 59/68/59 
f 89/103/89 67/119/67 90/104/90 
f 101/120/101 71/81/71 102/121/102 
f 102/121/102 63/72/63 67/119/67 
f 102/121/102 88/102/88 101/120/101 
f 103/122/103 104/123/104 105/124/105 
f 105/124/105 106/125/106 103/122/103 
f 105/124/105 107/126/107 108/127/108 
f 104/123/104 109/128/109 107/126/107 
f 107/129/107 110/130/110 108/127/108 
f 106/125/106 110/130/110 111/131/111 
f 112/132/112 113/133/113 114/134/114 
f 115/135/115 116/136/116 117/137/117 
f 113/133/113 118/138/118 114/134/114 
f 113/133/113 119/139/119 120/140/120 
f 115/135/115 117/137/117 119/141/119 
f 114/134/114 116/136/116 112/132/112 
f 114/134/114 118/138/118 121/142/121 
f 122/143/122 118/138/118 123/144/123 
f 116/136/116 122/143/122 124/145/124 
f 117/137/117 124/145/124 125/146/125 
f 119/141/119 125/146/125 126/147/126 
f 120/140/120 126/148/126 127/149/127 
f 120/140/120 123/144/123 118/138/118 
f 127/149/127 128/150/128 123/144/123 
f 128/150/128 122/143/122 123/144/123 
f 129/151/129 124/145/124 122/143/122 
f 130/152/130 125/146/125 124/145/124 
f 131/153/131 126/147/126 125/146/125 
f 126/148/126 132/154/132 127/149/127 
f 133/155/133 134/156/134 132/154/132 
f 134/156/134 128/150/128 132/154/132 
f 135/157/135 129/151/129 128/150/128 
f 136/158/136 130/152/130 129/151/129 
f 130/152/130 137/159/137 131/153/131 
f 131/153/131 138/160/138 133/161/133 
f 138/160/138 139/162/139 140/163/140 
f 137/159/137 141/164/141 139/162/139 
f 138/165/138 142/166/142 134/156/134 
f 134/156/134 143/167/143 135/157/135 
f 135/157/135 144/168/144 136/158/136 
f 144/168/144 145/169/145 136/158/136 
f 144/168/144 146/170/146 141/164/141 
f 141/164/141 147/171/147 139/162/139 
f 139/162/139 148/172/148 140/163/140 
f 148/173/148 142/166/142 140/174/140 
f 149/175/149 143/167/143 142/166/142 
f 150/176/150 144/168/144 143/167/143 
f 151/177/151 111/131/111 146/170/146 
f 147/171/147 111/131/111 110/130/110 
f 148/172/148 110/130/110 109/178/109 
f 149/175/149 109/128/109 152/179/152 
f 149/175/149 103/122/103 150/176/150 
f 150/176/150 106/125/106 151/177/151 
f 153/180/153 154/181/154 155/182/155 
f 155/182/155 156/183/156 153/180/153 
f 153/180/153 157/184/157 158/185/158 
f 159/186/159 160/187/160 161/188/161 
f 162/189/162 159/186/159 163/190/163 
f 162/189/162 164/191/164 160/187/160 
f 165/192/165 166/193/166 164/191/164 
f 165/194/165 164/191/164 162/189/162 
f 165/194/165 163/190/163 167/195/167 
f 168/196/168 155/197/155 169/198/169 
f 168/196/168 156/183/156 170/199/170 
f 157/184/157 171/200/171 172/201/172 
f 172/201/172 169/198/169 173/202/173 
f 173/202/173 174/203/174 172/201/172 
f 175/204/175 176/205/176 177/206/177 
f 178/207/178 179/208/179 176/205/176 
f 180/209/180 181/210/181 179/208/179 
f 181/210/181 182/211/182 183/212/183 
f 182/211/182 177/213/177 184/214/184 
f 182/211/182 185/215/185 186/216/186 
f 187/217/187 184/218/184 188/219/188 
f 187/217/187 189/220/189 185/221/185 
f 190/222/190 191/223/191 192/224/192 
f 192/224/192 193/225/193 194/226/194 
f 192/224/192 195/227/195 196/228/196 
f 194/226/194 197/229/197 195/227/195 
f 198/230/198 163/190/163 197/229/197 
f 199/231/199 167/232/167 198/233/198 
f 166/193/166 196/228/196 161/188/161 
f 159/186/159 196/228/196 195/227/195 
f 163/190/163 195/227/195 197/229/197 
f 192/224/192 199/231/199 190/222/190 
f 198/233/198 190/222/190 199/231/199 
f 200/234/200 198/230/198 197/229/197 
f 189/235/189 186/216/186 185/215/185 
f 200/234/200 193/225/193 186/216/186 
f 193/225/193 182/211/182 186/216/186 
f 193/225/193 201/236/201 183/212/183 
f 183/212/183 179/208/179 181/210/181 
f 201/236/201 176/205/176 179/208/179 
f 177/206/177 188/219/188 184/218/184 
f 177/213/177 202/237/202 175/238/175 
f 174/203/174 203/239/203 181/210/181 
f 172/201/172 180/209/180 157/184/157 
f 158/185/158 180/209/180 178/207/178 
f 175/204/175 158/185/158 178/207/178 
f 173/202/173 175/238/175 202/237/202 
f 154/240/154 169/198/169 155/197/155 
f 188/219/188 191/223/191 187/217/187 
f 171/200/171 168/196/168 169/198/169 
f 161/188/161 164/191/164 166/193/166 
f 204/241/204 205/242/205 206/243/206 
f 207/244/207 208/245/208 209/246/209 
f 210/247/210 207/244/207 209/246/209 
f 211/248/211 212/249/212 205/242/205 
f 213/250/213 210/251/210 214/252/214 
f 208/245/208 215/253/215 216/254/216 
f 215/253/215 213/250/213 216/254/216 
f 208/245/208 217/255/217 209/246/209 
f 209/246/209 214/256/214 210/247/210 
f 213/250/213 218/257/218 219/258/219 
f 216/254/216 219/258/219 220/259/220 
f 216/254/216 221/260/221 217/255/217 
f 217/255/217 218/261/218 214/256/214 
f 218/261/218 222/262/222 223/263/223 
f 218/257/218 224/264/224 219/258/219 
f 220/259/220 224/264/224 225/265/225 
f 220/259/220 222/262/222 221/260/221 
f 225/265/225 226/266/226 222/262/222 
f 222/262/222 204/267/204 223/263/223 
f 224/264/224 204/241/204 206/243/206 
f 225/265/225 206/243/206 227/268/227 
f 227/268/227 205/242/205 212/249/212 
f 227/268/227 228/269/228 226/266/226 
f 226/266/226 211/270/211 204/267/204 
f 229/271/229 230/272/230 231/273/231 
f 232/274/232 231/273/231 233/275/233 
f 234/276/234 235/277/235 236/278/236 
f 231/273/231 232/274/232 229/271/229 
f 237/279/237 238/280/238 235/281/235 
f 238/280/238 234/276/234 239/282/239 
f 230/272/230 240/283/240 233/284/233 
f 241/285/241 230/272/230 229/271/229 
f 241/285/241 242/286/242 243/287/243 
f 244/288/244 245/289/245 246/290/246 
f 244/288/244 239/282/239 236/278/236 
f 234/276/234 236/278/236 239/282/239 
f 236/278/236 247/291/247 244/288/244 
f 248/292/248 245/293/245 247/294/247 
f 246/290/246 241/285/241 243/287/243 
f 229/271/229 249/295/249 241/285/241 
f 249/295/249 233/275/233 240/296/240 
f 245/293/245 249/295/249 240/296/240 
f 245/289/245 250/297/250 246/290/246 
f 246/290/246 251/298/251 244/288/244 
f 243/287/243 248/292/248 251/298/251 
f 239/282/239 248/292/248 238/280/238 
f 238/280/238 247/294/247 235/281/235 
f 231/299/231 230/272/230 233/284/233 
f 252/300/252 253/301/253 254/302/254 
f 255/303/255 256/304/256 257/305/257 
f 254/302/254 258/306/258 259/307/259 
f 252/300/252 259/307/259 260/308/260 
f 261/309/261 255/303/255 257/305/257 
f 262/310/262 263/311/263 264/312/264 
f 264/312/264 263/311/263 265/313/265 
f 257/305/257 263/311/263 261/309/261 
f 266/314/266 267/315/267 268/316/268 
f 266/314/266 260/308/260 269/317/269 
f 269/317/269 270/318/270 271/319/271 
f 267/315/267 271/319/271 272/320/272 
f 258/321/258 272/320/272 273/322/273 
f 272/320/272 274/323/274 275/324/275 
f 273/322/273 275/324/275 276/325/276 
f 276/326/276 277/327/277 273/328/273 
f 278/329/278 276/325/276 275/324/275 
f 279/330/279 280/331/280 281/332/281 
f 279/330/279 282/333/282 283/334/283 
f 282/333/282 284/335/284 285/336/285 
f 285/336/285 286/337/286 282/333/282 
f 285/336/285 287/338/287 288/339/288 
f 264/312/264 289/340/289 287/338/287 
f 287/338/287 290/341/290 288/339/288 
f 265/313/265 256/342/256 289/340/289 
f 256/304/256 284/335/284 291/343/291 
f 289/340/289 291/344/291 290/341/290 
f 278/329/278 291/344/291 280/345/280 
f 288/339/288 278/329/278 286/337/286 
f 282/333/282 274/323/274 283/334/283 
f 279/330/279 270/318/270 277/327/277 
f 259/307/259 270/318/270 260/308/260 
f 273/328/273 259/307/259 258/306/258 
f 258/321/258 268/316/268 267/315/267 
f 271/319/271 283/334/283 274/323/274 
f 274/323/274 278/329/278 275/324/275 
f 281/332/281 291/343/291 284/335/284 
f 285/336/285 292/346/292 293/347/293 
f 293/347/293 255/303/255 262/310/262 
f 293/347/293 264/312/264 287/338/287 
f 252/300/252 268/316/268 253/301/253 
f 294/348/294 295/349/295 296/350/296 
f 297/351/297 298/352/298 299/353/299 
f 297/351/297 299/353/299 300/354/300 
f 301/355/301 300/354/300 302/356/302 
f 302/356/302 300/354/300 303/357/303 
f 300/354/300 298/358/298 303/357/303 
f 304/359/304 296/350/296 295/349/295 
f 294/348/294 305/360/305 295/349/295 
f 306/361/306 307/362/307 308/363/308 
f 309/364/309 310/365/310 308/366/308 
f 311/367/311 312/368/312 313/369/313 
f 301/355/301 314/370/314 298/352/298 
f 301/355/301 315/371/315 311/367/311 
f 316/372/316 312/368/312 315/371/315 
f 313/369/313 308/363/308 310/373/310 
f 317/374/317 318/375/318 306/361/306 
f 304/359/304 305/360/305 307/376/307 
f 318/375/318 304/377/304 307/362/307 
f 318/375/318 294/348/294 296/378/296 
f 308/366/308 305/360/305 309/364/309 
f 309/364/309 319/379/319 317/374/317 
f 320/380/320 317/374/317 312/368/312 
f 312/368/312 306/361/306 313/369/313 
f 311/367/311 310/373/310 314/370/314 
f 314/381/314 320/380/320 316/372/316 
f 303/357/303 314/381/314 316/372/316 
f 303/357/303 315/371/315 302/356/302 
f 321/382/321 322/383/322 323/384/323 
f 324/385/324 321/382/321 323/384/323 
f 325/386/325 326/387/326 327/388/327 
f 328/389/328 329/390/329 330/391/330 
f 328/389/328 331/392/331 332/393/332 
f 326/394/326 330/391/330 327/395/327 
f 331/392/331 326/394/326 333/396/333 
f 331/392/331 334/397/334 332/393/332 
f 334/397/334 329/390/329 332/393/332 
f 334/397/334 325/386/325 335/398/335 
f 336/399/336 337/400/337 338/401/338 
f 322/383/322 337/400/337 339/402/339 
f 322/383/322 340/403/340 323/384/323 
f 341/404/341 339/402/339 336/399/336 
f 336/399/336 342/405/342 341/404/341 
f 343/406/343 338/401/338 344/407/344 
f 343/406/343 345/408/345 346/409/346 
f 344/407/344 347/410/347 345/408/345 
f 345/408/345 348/411/348 349/412/349 
f 347/413/347 350/414/350 351/415/351 
f 347/413/347 352/416/352 348/417/348 
f 353/418/353 352/416/352 354/419/354 
f 355/420/355 335/398/335 325/386/325 
f 353/418/353 329/390/329 335/398/335 
f 330/391/330 356/421/356 357/422/357 
f 330/391/330 358/423/358 327/395/327 
f 355/420/355 327/388/327 358/424/358 
f 358/424/358 352/416/352 355/420/355 
f 358/423/358 349/412/349 348/411/348 
f 346/409/346 349/412/349 359/425/359 
f 342/405/342 346/409/346 360/426/360 
f 342/405/342 351/415/351 350/414/350 
f 342/405/342 340/403/340 341/404/341 
f 321/382/321 324/385/324 361/427/361 
f 340/403/340 324/428/324 323/384/323 
f 361/427/361 337/400/337 321/382/321 
f 338/401/338 362/429/362 344/407/344 
f 361/430/361 350/414/350 362/431/362 
f 351/415/351 354/419/354 352/416/352 
f 360/426/360 359/425/359 354/419/354 
f 354/419/354 356/421/356 353/418/353 
f 359/425/359 357/422/357 356/421/356 
f 363/432/363 364/433/364 365/434/365 
f 366/435/366 367/436/367 368/437/368 
f 366/435/366 369/438/369 370/439/370 
f 371/440/371 369/438/369 372/441/372 
f 368/442/368 367/443/367 373/444/373 
f 373/444/373 374/445/374 371/440/371 
f 373/444/373 371/440/371 372/441/372 
f 366/446/366 373/444/373 372/441/372 
f 365/434/365 375/447/375 363/448/363 
f 376/449/376 364/433/364 377/450/377 
f 378/451/378 379/452/379 380/453/380 
f 381/454/381 382/455/382 383/456/383 
f 374/445/374 384/457/384 369/438/369 
f 367/443/367 381/454/381 374/445/374 
f 380/453/380 385/458/385 386/459/386 
f 384/457/384 380/453/380 386/459/386 
f 376/449/376 378/451/378 383/456/383 
f 387/460/387 375/461/375 379/452/379 
f 377/450/377 387/460/387 379/452/379 
f 380/453/380 375/461/375 382/462/382 
f 375/447/375 383/456/383 382/455/382 
f 383/456/383 384/457/384 381/454/381 
f 369/438/369 386/459/386 370/439/370 
f 386/459/386 367/436/367 370/439/370 
f 388/463/388 389/464/389 390/465/390 
f 388/463/388 391/466/391 392/467/392 
f 393/468/393 394/469/394 395/470/395 
f 393/471/393 396/472/396 397/473/397 
f 397/474/397 398/475/398 399/476/399 
f 400/477/400 398/475/398 401/478/401 
f 402/479/402 403/480/403 404/481/404 
f 405/482/405 406/483/406 407/484/407 
f 408/485/408 409/486/409 410/487/410 
f 408/485/408 388/463/388 392/467/392 
f 408/485/408 411/488/411 412/489/412 
f 410/487/410 413/490/413 388/463/388 
f 413/490/413 414/491/414 415/492/415 
f 389/464/389 415/492/415 416/493/416 
f 415/492/415 405/494/405 416/493/416 
f 416/493/416 407/484/407 417/495/417 
f 416/493/416 390/465/390 389/464/389 
f 418/496/418 407/484/407 404/481/404 
f 417/495/417 391/466/391 390/465/390 
f 392/467/392 418/496/418 411/488/411 
f 411/488/411 404/481/404 403/480/403 
f 403/480/403 412/489/412 411/488/411 
f 394/469/394 419/497/419 412/489/412 
f 419/497/419 399/476/399 420/498/420 
f 409/486/409 420/498/420 421/499/421 
f 419/497/419 408/485/408 412/489/412 
f 421/499/421 410/487/410 409/486/409 
f 421/499/421 414/491/414 422/500/422 
f 414/491/414 401/478/401 423/501/423 
f 423/501/423 415/492/415 414/491/414 
f 424/502/424 396/472/396 406/483/406 
f 402/503/402 396/472/396 395/504/395 
f 395/470/395 403/480/403 402/479/402 
f 423/505/423 397/473/397 396/472/396 
f 421/499/421 425/506/425 400/477/400 
f 420/498/420 398/475/398 425/506/425 
f 399/476/399 393/468/393 397/474/397 
f 404/481/404 406/483/406 402/503/402 
f 426/507/426 427/508/427 428/509/428 
f 429/510/429 430/511/430 431/512/431 
f 432/513/432 433/514/433 434/515/434 
f 427/508/427 430/511/430 435/516/435 
f 435/516/435 428/509/428 427/508/427 
f 435/516/435 429/510/429 436/517/436 
f 428/509/428 435/516/435 436/517/436 
f 436/517/436 426/507/426 428/509/428 
f 437/518/437 438/519/438 439/520/439 
f 437/518/437 433/514/433 440/521/440 
f 437/518/437 441/522/441 442/523/442 
f 441/522/441 443/524/443 444/525/444 
f 442/523/442 434/515/434 433/514/433 
f 445/526/445 441/522/441 444/525/444 
f 432/513/432 445/526/445 446/527/446 
f 446/527/446 438/528/438 432/513/432 
f 440/529/440 432/513/432 438/528/438 
f 439/520/439 447/530/447 443/524/443 
f 443/524/443 448/531/448 449/532/449 
f 443/524/443 450/533/450 444/525/444 
f 444/525/444 451/534/451 445/526/445 
f 445/526/445 452/535/452 446/527/446 
f 452/535/452 447/536/447 446/527/446 
f 448/531/448 453/537/453 449/532/449 
f 454/538/454 449/532/449 453/537/453 
f 451/534/451 454/538/454 455/539/455 
f 452/535/452 455/539/455 456/540/456 
f 448/541/448 456/540/456 457/542/457 
f 458/543/458 456/540/456 459/544/459 
f 453/537/453 458/545/458 460/546/460 
f 454/538/454 460/546/460 461/547/461 
f 455/539/455 461/547/461 462/548/462 
f 455/539/455 459/544/459 456/540/456 
f 458/543/458 463/549/463 464/550/464 
f 460/546/460 464/551/464 426/507/426 
f 460/546/460 465/552/465 461/547/461 
f 461/547/461 466/553/466 462/548/462 
f 459/544/459 466/553/466 463/549/463 
f 429/510/429 463/549/463 466/553/466 
f 463/549/463 427/554/427 464/550/464 
f 436/517/436 466/553/466 465/552/465 
f 467/555/467 468/556/468 469/557/469 
f 470/558/470 467/555/467 471/559/471 
f 472/560/472 470/558/470 471/559/471 
f 473/561/473 474/562/474 475/563/475 
f 472/560/472 476/564/476 473/561/473 
f 477/565/477 478/566/478 474/562/474 
f 479/567/479 478/566/478 477/565/477 
f 477/565/477 480/568/480 479/567/479 
f 474/562/474 480/568/480 477/565/477 
f 481/569/481 482/570/482 483/571/483 
f 484/572/484 485/573/485 479/567/479 
f 479/567/479 486/574/486 484/572/484 
f 487/575/487 488/576/488 489/577/489 
f 482/570/482 489/577/489 488/576/488 
f 489/577/489 490/578/490 487/575/487 
f 491/579/491 489/577/489 492/580/492 
f 493/581/493 494/582/494 495/583/495 
f 496/584/496 497/585/497 498/586/498 
f 496/584/496 499/587/499 500/588/500 
f 484/572/484 501/589/501 502/590/502 
f 501/589/501 503/591/503 502/590/502 
f 500/588/500 501/589/501 496/584/496 
f 500/588/500 504/592/504 505/593/505 
f 506/594/506 503/591/503 507/595/507 
f 508/596/508 509/597/509 510/598/510 
f 508/596/508 511/599/511 490/578/490 
f 510/598/510 512/600/512 508/596/508 
f 503/591/503 505/593/505 513/601/513 
f 505/593/505 514/602/514 513/601/513 
f 514/602/514 515/603/515 516/604/516 
f 514/602/514 517/605/517 513/601/513 
f 518/606/518 519/607/519 511/599/511 
f 518/606/518 512/600/512 520/608/520 
f 518/606/518 521/609/521 522/610/522 
f 506/594/506 507/595/507 523/611/523 
f 524/612/524 523/611/523 507/595/507 
f 525/613/525 526/614/526 527/615/527 
f 528/616/528 525/613/525 527/615/527 
f 527/615/527 521/609/521 528/616/528 
f 529/617/529 530/618/530 524/612/524 
f 517/605/517 531/619/531 529/617/529 
f 525/613/525 516/604/516 515/603/515 
f 532/620/532 533/621/533 512/600/512 
f 533/621/533 520/608/520 512/600/512 
f 534/622/534 535/623/535 536/624/536 
f 537/625/537 538/626/538 531/619/531 
f 517/605/517 539/627/539 537/625/537 
f 540/628/540 541/629/541 537/625/537 
f 539/627/539 542/630/542 537/625/537 
f 542/630/542 540/628/540 537/625/537 
f 543/631/543 536/624/536 535/623/535 
f 538/626/538 530/618/530 531/619/531 
f 538/626/538 544/632/544 545/633/545 
f 546/634/546 547/635/547 540/628/540 
f 548/636/548 533/621/533 549/637/549 
f 548/636/548 550/638/550 551/639/551 
f 548/636/548 552/640/552 553/641/553 
f 554/642/554 551/639/551 550/638/550 
f 555/643/555 556/644/556 557/645/557 
f 552/640/552 558/646/558 559/647/559 
f 560/648/560 544/632/544 561/649/561 
f 547/635/547 544/632/544 541/629/541 
f 545/633/545 560/648/560 562/650/562 
f 563/651/563 545/633/545 562/650/562 
f 564/652/564 562/650/562 560/648/560 
f 560/648/560 565/653/565 564/652/564 
f 565/653/565 566/654/566 567/655/567 
f 568/656/568 569/657/569 570/658/570 
f 568/656/568 556/644/556 555/643/555 
f 570/658/570 554/642/554 571/659/571 
f 570/658/570 572/660/572 556/644/556 
f 572/660/572 536/624/536 556/644/556 
f 556/644/556 543/631/543 557/645/557 
f 572/660/572 534/622/534 536/624/536 
f 534/622/534 510/598/510 509/597/509 
f 573/661/573 532/620/532 510/598/510 
f 573/661/573 571/659/571 574/662/574 
f 550/638/550 571/659/571 554/642/554 
f 574/662/574 549/637/549 532/620/532 
f 558/646/558 569/657/569 575/663/575 
f 558/646/558 576/664/576 559/647/559 
f 575/663/575 577/665/577 578/666/578 
f 575/663/575 579/667/579 576/664/576 
f 579/667/579 580/668/580 576/664/576 
f 580/668/580 581/669/581 582/670/582 
f 576/664/576 582/670/582 559/647/559 
f 583/671/583 566/654/566 580/668/580 
f 582/670/582 546/634/546 584/672/584 
f 559/647/559 584/672/584 552/640/552 
f 546/634/546 585/673/585 584/672/584 
f 584/672/584 553/641/553 552/640/552 
f 542/630/542 586/674/586 585/673/585 
f 585/673/585 533/621/533 553/641/553 
f 561/649/561 581/669/581 566/654/566 
f 587/675/587 545/633/545 563/651/563 
f 587/675/587 524/612/524 530/618/530 
f 563/651/563 588/676/588 587/675/587 
f 589/677/589 523/611/523 590/678/590 
f 590/678/590 588/676/588 589/677/589 
f 523/611/523 494/582/494 506/594/506 
f 591/679/591 495/583/495 494/582/494 
f 591/679/591 589/677/589 592/680/592 
f 509/597/509 593/681/593 594/682/594 
f 593/681/593 492/580/492 595/683/595 
f 586/674/586 521/609/521 520/608/520 
f 596/684/596 597/685/597 598/686/598 
f 598/686/598 599/687/599 493/581/493 
f 596/684/596 478/566/478 485/573/485 
f 475/563/475 478/566/478 600/688/600 
f 601/689/601 602/690/602 603/691/603 
f 601/689/601 482/570/482 488/576/488 
f 604/692/604 469/557/469 468/556/468 
f 603/691/603 605/693/605 604/692/604 
f 469/557/469 471/559/471 467/555/467 
f 605/693/605 606/694/606 469/557/469 
f 607/695/607 608/696/608 606/694/606 
f 607/695/607 602/690/602 487/575/487 
f 487/575/487 609/697/609 607/695/607 
f 608/696/608 471/559/471 606/694/606 
f 519/607/519 608/696/608 609/697/609 
f 490/578/490 519/607/519 609/697/609 
f 610/698/610 611/699/611 612/700/612 
f 608/696/608 611/699/611 472/560/472 
f 612/700/612 522/610/522 610/698/610 
f 526/614/526 522/610/522 521/609/521 
f 515/603/515 499/587/499 526/614/526 
f 507/595/507 513/601/513 524/612/524 
f 517/605/517 524/612/524 513/601/513 
f 595/683/595 613/701/613 481/569/481 
f 506/594/506 599/687/599 502/590/502 
f 502/590/502 597/685/597 484/572/484 
f 486/574/486 476/564/476 611/699/611 
f 594/682/594 534/622/534 509/597/509 
f 526/614/526 498/586/498 610/698/610 
f 486/574/486 610/698/610 484/572/484 
f 484/572/484 498/586/498 497/585/497 
f 595/683/595 482/570/482 613/701/613 
f 614/702/614 615/703/615 616/704/616 
f 616/704/616 617/705/617 618/706/618 
f 619/707/619 614/702/614 616/704/616 
f 620/708/620 621/709/621 622/710/622 
f 623/711/623 624/712/624 625/713/625 
f 625/713/625 621/709/621 623/711/623 
f 626/714/626 627/715/627 628/716/628 
f 628/716/628 627/715/627 629/717/629 
f 629/717/629 630/718/630 628/716/628 
f 631/719/631 632/720/632 629/717/629 
f 631/719/631 633/721/633 634/722/634 
f 631/719/631 629/717/629 627/723/627 
f 635/724/635 636/725/636 637/726/637 
f 635/727/635 624/712/624 620/708/620 
f 620/728/620 638/729/638 635/724/635 
f 639/730/639 640/731/640 641/732/641 
f 642/733/642 643/734/643 641/732/641 
f 641/732/641 644/735/644 639/730/639 
f 641/732/641 645/736/645 646/737/646 
f 642/733/642 646/737/646 647/738/647 
f 646/737/646 648/739/648 649/740/649 
f 645/736/645 650/741/650 648/739/648 
f 636/725/636 638/729/638 651/742/651 
f 621/709/621 652/743/652 622/710/622 
f 622/710/622 651/742/651 638/729/638 
f 653/744/653 654/745/654 652/743/652 
f 652/743/652 655/746/655 651/742/651 
f 651/742/651 656/747/656 636/725/636 
f 637/726/637 656/747/656 657/748/657 
f 657/749/657 624/712/624 637/750/637 
f 658/751/658 625/713/625 624/712/624 
f 659/752/659 653/744/653 625/713/625 
f 660/753/660 661/754/661 662/755/662 
f 654/745/654 662/755/662 663/756/663 
f 663/756/663 655/746/655 654/745/654 
f 656/747/656 664/757/664 665/758/665 
f 656/747/656 666/759/666 657/748/657 
f 666/760/666 658/751/658 657/749/657 
f 667/761/667 659/752/659 658/751/658 
f 644/735/644 661/754/661 639/730/639 
f 662/755/662 668/762/668 663/756/663 
f 663/756/663 669/763/669 664/757/664 
f 665/758/665 669/763/669 648/764/648 
f 666/759/666 648/764/648 650/765/650 
f 650/766/650 667/761/667 666/760/666 
f 670/767/670 661/754/661 667/761/667 
f 671/768/671 670/767/670 650/766/650 
f 669/763/669 649/769/649 648/764/648 
f 649/769/649 672/770/672 673/771/673 
f 646/737/646 673/772/673 647/738/647 
f 642/733/642 674/773/674 617/705/617 
f 615/703/615 642/733/642 617/705/617 
f 675/774/675 676/775/676 643/734/643 
f 668/762/668 643/734/643 676/775/676 
f 677/776/677 678/777/678 672/770/672 
f 676/775/676 669/763/669 668/762/668 
f 678/777/678 679/778/679 672/770/672 
f 672/770/672 680/779/680 673/771/673 
f 673/772/673 674/773/674 647/738/647 
f 674/773/674 681/780/681 682/781/682 
f 682/781/682 617/705/617 674/773/674 
f 683/782/683 682/781/682 684/783/684 
f 683/782/683 616/704/616 618/706/618 
f 616/704/616 685/784/685 619/707/619 
f 685/784/685 681/785/681 619/707/619 
f 680/779/680 619/707/619 681/785/681 
f 682/781/682 686/786/686 684/783/684 
f 684/783/684 687/787/687 688/788/688 
f 683/782/683 688/788/688 689/789/689 
f 689/789/689 690/790/690 683/782/683 
f 690/790/690 691/791/691 685/784/685 
f 685/784/685 687/792/687 686/793/686 
f 688/788/688 692/794/692 693/795/693 
f 689/789/689 693/795/693 694/796/694 
f 689/789/689 695/797/695 696/798/696 
f 695/797/695 691/791/691 696/798/696 
f 687/792/687 697/799/697 692/800/692 
f 693/795/693 698/801/698 699/802/699 
f 693/795/693 700/803/700 694/796/694 
f 695/797/695 700/803/700 701/804/701 
f 695/797/695 702/805/702 697/799/697 
f 692/800/692 702/805/702 698/806/698 
f 634/722/634 698/806/698 702/805/702 
f 626/714/626 698/801/698 633/807/633 
f 630/718/630 699/802/699 626/714/626 
f 701/804/701 630/718/630 632/720/632 
f 701/804/701 634/722/634 702/805/702 
f 678/777/678 615/703/615 614/702/614 
f 640/731/640 671/768/671 645/736/645 
f 628/716/628 630/718/630 626/714/626 
f 703/808/703 704/809/704 705/810/705 
f 706/811/706 703/808/703 707/812/707 
f 705/810/705 707/812/707 703/808/703 
f 708/813/708 709/814/709 710/815/710 
f 708/813/708 711/816/711 712/817/712 
f 713/818/713 714/819/714 715/820/715 
f 713/821/713 716/822/716 714/819/714 
f 717/823/717 718/824/718 719/825/719 
f 713/818/713 720/826/720 718/827/718 
f 721/828/721 722/829/722 723/830/723 
f 724/831/724 723/830/723 725/832/725 
f 723/830/723 726/833/726 725/832/725 
f 727/834/727 728/835/728 729/836/729 
f 730/837/730 731/838/731 732/839/732 
f 733/840/733 734/841/734 735/842/735 
f 736/843/736 735/842/735 730/837/730 
f 730/837/730 732/839/732 736/843/736 
f 732/839/732 731/838/731 737/844/737 
f 715/820/715 711/816/711 720/826/720 
f 715/820/715 716/822/716 712/817/712 
f 728/845/728 738/846/738 729/836/729 
f 739/847/739 740/848/740 728/845/728 
f 740/848/740 741/849/741 738/846/738 
f 742/850/742 719/825/719 718/824/718 
f 718/827/718 743/851/743 742/852/742 
f 718/827/718 720/826/720 744/853/744 
f 745/854/745 746/855/746 704/856/704 
f 745/854/745 747/857/747 748/858/748 
f 748/858/748 749/859/749 746/855/746 
f 746/855/746 750/860/750 751/861/751 
f 751/861/751 705/810/705 704/809/704 
f 704/856/704 746/855/746 751/861/751 
f 752/862/752 753/863/753 707/812/707 
f 754/864/754 707/812/707 753/863/753 
f 706/865/706 755/866/755 747/857/747 
f 755/866/755 756/867/756 747/857/747 
f 756/867/756 737/844/737 757/868/757 
f 747/857/747 757/868/757 748/858/748 
f 757/868/757 731/838/731 749/859/749 
f 758/869/758 759/870/759 760/871/760 
f 736/843/736 760/871/760 761/872/761 
f 758/869/758 732/839/732 737/844/737 
f 761/872/761 733/840/733 736/843/736 
f 733/840/733 762/873/762 763/874/763 
f 734/841/734 764/875/764 765/876/765 
f 749/859/749 766/877/766 750/860/750 
f 767/878/767 763/874/763 762/873/762 
f 752/862/752 767/878/767 768/879/768 
f 752/862/752 765/876/765 764/875/764 
f 768/879/768 769/880/769 719/825/719 
f 768/879/768 770/881/770 753/863/753 
f 771/882/771 753/863/753 770/881/770 
f 754/883/754 772/884/772 755/866/755 
f 772/884/772 759/870/759 755/866/755 
f 760/871/760 773/885/773 774/886/774 
f 761/872/761 774/886/774 775/887/775 
f 775/887/775 776/888/776 761/872/761 
f 776/888/776 709/814/709 762/873/762 
f 762/873/762 769/880/769 767/878/767 
f 716/822/716 709/814/709 712/817/712 
f 769/880/769 717/823/717 719/825/719 
f 777/889/777 710/815/710 775/887/775 
f 777/889/777 778/890/778 708/813/708 
f 778/890/778 711/816/711 708/813/708 
f 779/891/779 720/826/720 711/816/711 
f 744/853/744 726/833/726 741/849/741 
f 744/853/744 780/892/780 743/851/743 
f 781/893/781 742/852/742 743/851/743 
f 782/894/782 770/881/770 742/850/742 
f 782/895/782 783/896/783 784/897/784 
f 771/898/771 784/897/784 772/884/772 
f 785/899/785 783/896/783 786/900/786 
f 773/885/773 784/897/784 785/899/785 
f 785/899/785 787/901/787 788/902/788 
f 785/899/785 774/886/774 773/885/773 
f 788/902/788 789/903/789 777/889/777 
f 788/902/788 775/887/775 774/886/774 
f 787/901/787 724/831/724 789/903/789 
f 789/903/789 725/832/725 778/890/778 
f 725/832/725 779/891/779 778/890/778 
f 724/831/724 790/904/790 721/828/721 
f 721/828/721 791/905/791 792/906/792 
f 791/905/791 729/836/729 792/906/792 
f 792/906/792 738/846/738 722/829/722 
f 741/849/741 722/829/722 738/846/738 
f 793/907/793 787/901/787 786/900/786 
f 794/908/794 793/907/793 790/904/790 
f 727/834/727 791/905/791 795/909/795 
f 795/909/795 790/904/790 793/907/793 
f 783/896/783 793/907/793 786/900/786 
f 739/910/739 727/834/727 795/909/795 
f 739/910/739 783/896/783 781/911/781 
f 781/893/781 780/892/780 739/847/739 
f 766/877/766 735/842/735 734/841/734 
f 766/877/766 765/876/765 750/860/750 
f 751/861/751 765/876/765 705/810/705 
f 796/912/796 797/913/797 798/914/798 
f 799/915/799 800/916/800 801/917/801 
f 802/918/802 801/917/801 803/919/803 
f 799/920/799 804/921/804 805/922/805 
f 806/923/806 807/924/807 808/925/808 
f 808/925/808 803/919/803 801/917/801 
f 806/923/806 801/917/801 800/916/800 
f 809/926/809 796/912/796 798/914/798 
f 807/924/807 810/927/810 803/919/803 
f 811/928/811 812/929/812 798/914/798 
f 811/928/811 797/913/797 813/930/813 
f 802/931/802 810/927/810 804/932/804 
f 814/933/814 815/934/815 816/935/816 
f 814/933/814 816/935/816 817/936/817 
f 797/913/797 818/937/818 813/930/813 
f 809/926/809 798/914/798 812/929/812 
f 819/938/819 817/939/817 816/940/816 
f 817/939/817 796/912/796 809/926/809 
f 814/941/814 809/926/809 812/929/812 
f 814/941/814 820/942/820 821/943/821 
f 820/942/820 822/944/822 821/943/821 
f 806/923/806 823/945/823 824/946/824 
f 806/923/806 825/947/825 826/948/826 
f 826/948/826 827/949/827 810/927/810 
f 804/932/804 827/949/827 828/950/828 
f 805/951/805 823/945/823 800/916/800 
f 828/952/828 821/953/821 822/954/822 
f 828/950/828 818/937/818 815/955/815 
f 815/955/815 819/938/819 816/940/816 
f 827/949/827 813/930/813 818/937/818 
f 811/928/811 825/947/825 824/946/824 
f 811/928/811 823/945/823 820/942/820 
f 805/922/805 828/952/828 822/954/822 
f 829/956/829 830/957/830 831/958/831 
f 832/959/832 831/958/831 830/957/830 
f 830/957/830 833/960/833 834/961/834 
f 830/957/830 835/962/835 832/959/832 
f 836/963/836 837/964/837 838/965/838 
f 839/966/839 840/967/840 841/968/841 
f 839/966/839 842/969/842 835/962/835 
f 843/970/843 844/971/844 845/972/845 
f 846/973/846 847/974/847 848/975/848 
f 845/972/845 849/976/849 850/977/850 
f 851/978/851 833/960/833 829/956/829 
f 834/961/834 852/979/852 853/980/853 
f 848/975/848 852/979/852 833/960/833 
f 838/965/838 854/981/854 855/982/855 
f 837/964/837 856/983/856 838/965/838 
f 838/965/838 857/984/857 836/963/836 
f 836/963/836 858/985/858 831/958/831 
f 831/958/831 851/978/851 829/956/829 
f 859/986/859 851/978/851 858/985/858 
f 846/987/846 833/960/833 851/978/851 
f 848/975/848 844/971/844 852/979/852 
f 860/988/860 852/979/852 844/971/844 
f 860/988/860 861/989/861 862/990/862 
f 853/980/853 862/991/862 840/967/840 
f 840/967/840 861/992/861 863/993/863 
f 841/968/841 840/967/840 863/993/863 
f 864/994/864 841/968/841 863/993/863 
f 864/994/864 856/983/856 842/969/842 
f 864/994/864 850/995/850 854/981/854 
f 854/981/854 849/996/849 855/982/855 
f 855/982/855 865/997/865 857/984/857 
f 865/997/865 858/985/858 857/984/857 
f 865/998/865 849/976/849 866/999/866 
f 859/1000/859 866/999/866 847/974/847 
f 845/972/845 847/974/847 866/999/866 
f 845/972/845 867/1001/867 843/970/843 
f 843/970/843 861/989/861 860/988/860 
f 863/993/863 867/1002/867 864/994/864 
f 832/959/832 842/969/842 856/983/856 
f 834/961/834 839/966/839 835/962/835 
f 868/1003/868 869/1004/869 870/1005/870 
f 868/1003/868 871/1006/871 872/1007/872 
f 873/1008/873 874/1009/874 875/1010/875 
f 876/1011/876 874/1009/874 873/1008/873 
f 877/1012/877 878/1013/878 879/1014/879 
f 877/1012/877 880/1015/880 881/1016/881 
f 880/1015/880 882/1017/882 881/1016/881 
f 883/1018/883 879/1014/879 884/1019/884 
f 885/1020/885 886/1021/886 887/1022/887 
f 888/1023/888 889/1024/889 890/1025/890 
f 888/1023/888 891/1026/891 892/1027/892 
f 892/1027/892 891/1026/891 893/1028/893 
f 894/1029/894 895/1030/895 896/1031/896 
f 896/1031/896 897/1032/897 894/1029/894 
f 894/1029/894 876/1033/876 898/1034/898 
f 869/1004/869 898/1035/898 876/1036/876 
f 899/1037/899 872/1007/872 900/1038/900 
f 900/1038/900 901/1039/901 899/1037/899 
f 900/1038/900 871/1006/871 884/1019/884 
f 884/1019/884 878/1013/878 900/1038/900 
f 902/1040/902 884/1019/884 871/1006/871 
f 903/1041/903 883/1018/883 902/1040/902 
f 881/1016/881 904/1042/904 905/1043/905 
f 893/1028/893 905/1043/905 904/1042/904 
f 891/1026/891 906/1044/906 905/1043/905 
f 881/1016/881 906/1044/906 877/1012/877 
f 890/1025/890 901/1039/901 906/1044/906 
f 906/1044/906 878/1013/878 877/1012/877 
f 899/1037/899 889/1024/889 898/1035/898 
f 888/1045/888 898/1034/898 889/1046/889 
f 895/1030/895 892/1047/892 887/1048/887 
f 887/1048/887 896/1031/896 895/1030/895 
f 897/1032/897 907/1049/907 908/1050/908 
f 874/1009/874 908/1050/908 875/1010/875 
f 894/1029/894 874/1009/874 876/1033/876 
f 870/1005/870 876/1011/876 873/1008/873 
f 875/1010/875 909/1051/909 903/1041/903 
f 908/1050/908 885/1020/885 909/1051/909 
f 903/1041/903 873/1008/873 875/1010/875 
f 868/1003/868 902/1040/902 871/1006/871 
f 885/1020/885 904/1042/904 909/1051/909 
f 893/1028/893 887/1022/887 892/1027/892 
f 909/1051/909 882/1017/882 903/1041/903 
f 873/1008/873 902/1040/902 870/1005/870 
f 910/1052/910 911/1053/911 912/1054/912 
f 910/1055/910 913/1056/913 914/1057/914 
f 911/1053/911 915/1058/915 916/1059/916 
f 917/1060/917 918/1061/918 919/1062/919 
f 920/1063/920 919/1062/919 918/1064/918 
f 914/1057/914 913/1056/913 915/1058/915 
f 913/1056/913 921/1065/921 915/1058/915 
f 917/1066/917 922/1067/922 918/1064/918 
f 920/1063/920 922/1067/922 923/1068/923 
f 920/1063/920 924/1069/924 919/1062/919 
f 917/1060/917 924/1069/924 925/1070/925 
f 925/1070/925 926/1071/926 927/1072/927 
f 925/1073/925 928/1074/928 922/1067/922 
f 923/1068/923 928/1074/928 929/1075/929 
f 924/1069/924 929/1075/929 926/1071/926 
f 930/1076/930 929/1075/929 931/1077/931 
f 926/1071/926 932/1078/932 927/1072/927 
f 928/1074/928 932/1079/932 933/1080/933 
f 928/1074/928 931/1077/931 929/1075/929 
f 931/1077/931 915/1058/915 930/1076/930 
f 932/1078/932 915/1058/915 921/1065/921 
f 932/1079/932 934/1081/934 933/1080/933 
f 933/1080/933 916/1059/916 931/1077/931 
f 912/1054/912 921/1082/921 910/1052/910 
f 912/1054/912 916/1059/916 934/1081/934 
f 935/1083/935 936/1084/936 937/1085/937 
f 935/1083/935 938/1086/938 939/1087/939 
f 940/1088/940 941/1089/941 942/1090/942 
f 942/1090/942 943/1091/943 944/1092/944 
f 945/1093/945 946/1094/946 947/1095/947 
f 948/1096/948 949/1097/949 946/1094/946 
f 948/1096/948 950/1098/950 951/1099/951 
f 952/1100/952 943/1101/943 953/1102/953 
f 946/1094/946 944/1103/944 952/1100/952 
f 952/1100/952 947/1095/947 946/1094/946 
f 954/1104/954 955/1105/955 956/1106/956 
f 956/1106/956 957/1107/957 954/1104/954 
f 958/1108/958 959/1109/959 960/1110/960 
f 939/1087/939 938/1086/938 961/1111/961 
f 962/1112/962 963/1113/963 959/1114/959 
f 964/1115/964 938/1086/938 937/1085/937 
f 964/1115/964 965/1116/965 963/1113/963 
f 966/1117/966 937/1085/937 936/1084/936 
f 936/1084/936 967/1118/967 966/1117/966 
f 968/1119/968 935/1083/935 969/1120/969 
f 969/1120/969 945/1093/945 968/1119/968 
f 950/1098/950 970/1121/970 954/1104/954 
f 935/1083/935 970/1121/970 969/1120/969 
f 939/1087/939 955/1105/955 970/1121/970 
f 955/1105/955 971/1122/971 956/1106/956 
f 972/1123/972 941/1089/941 971/1124/971 
f 973/1125/973 943/1091/943 941/1089/941 
f 974/1126/974 953/1102/953 943/1101/943 
f 975/1127/975 947/1095/947 953/1102/953 
f 947/1095/947 968/1119/968 945/1093/945 
f 966/1117/966 975/1127/975 965/1116/965 
f 974/1126/974 965/1116/965 975/1127/975 
f 958/1108/958 974/1128/974 973/1125/973 
f 973/1125/973 976/1129/976 958/1108/958 
f 972/1130/972 961/1111/961 976/1129/976 
f 962/1112/962 961/1111/961 938/1086/938 
f 962/1112/962 958/1108/958 976/1129/976 
f 956/1106/956 940/1131/940 957/1107/957 
f 951/1099/951 940/1131/940 949/1097/949 
f 951/1099/951 954/1104/954 957/1107/957 
f 942/1132/942 949/1097/949 940/1131/940 
f 960/1133/960 963/1113/963 965/1116/965 
f 977/1134/977 978/1135/978 979/1136/979 
f 980/1137/980 979/1136/979 978/1135/978 
f 981/1138/981 982/1139/982 983/1140/983 
f 984/1141/984 985/1142/985 986/1143/986 
f 987/1144/987 986/1143/986 988/1145/988 
f 989/1146/989 990/1147/990 991/1148/991 
f 985/1142/985 992/1149/992 993/1150/993 
f 993/1150/993 989/1151/989 994/1152/994 
f 994/1153/994 991/1148/991 995/1154/995 
f 991/1148/991 996/1155/996 995/1154/995 
f 995/1154/995 997/1156/997 998/1157/998 
f 996/1155/996 984/1141/984 987/1144/987 
f 987/1144/987 997/1156/997 996/1155/996 
f 999/1158/999 1000/1159/1000 1001/1160/1001 
f 1000/1159/1000 1002/1161/1002 1003/1162/1003 
f 1003/1162/1003 1004/1163/1004 1000/1159/1000 
f 1003/1162/1003 1005/1164/1005 1006/1165/1006 
f 1006/1165/1006 1007/1166/1007 1008/1167/1008 
f 1005/1168/1005 1009/1169/1009 1007/1170/1007 
f 1009/1169/1009 1010/1171/1010 1007/1170/1007 
f 1011/1172/1011 1012/1173/1012 1013/1174/1013 
f 1013/1174/1013 983/1140/983 1011/1172/1011 
f 1014/1175/1014 1012/1173/1012 1015/1176/1015 
f 1014/1175/1014 1016/1177/1016 1013/1174/1013 
f 980/1137/980 1014/1175/1014 1017/1178/1017 
f 980/1137/980 1018/1179/1018 1019/1180/1019 
f 1020/1181/1020 1019/1180/1019 1021/1182/1021 
f 1022/1183/1022 1023/1184/1023 982/1139/982 
f 1023/1185/1023 1019/1180/1019 982/1186/982 
f 977/1134/977 1021/1182/1021 1023/1185/1023 
f 1023/1184/1023 1024/1187/1024 977/1134/977 
f 978/1135/978 1024/1187/1024 1016/1177/1016 
f 981/1138/981 1016/1177/1016 1024/1187/1024 
f 983/1140/983 1010/1171/1010 1011/1172/1011 
f 1018/1179/1018 1007/1166/1007 1010/1188/1010 
f 1025/1189/1025 1018/1179/1018 1017/1178/1017 
f 1008/1167/1008 1004/1163/1004 1006/1165/1006 
f 1004/1163/1004 1015/1176/1015 1026/1190/1026 
f 1026/1190/1026 1000/1159/1000 1004/1163/1004 
f 1001/1160/1001 1027/1191/1027 1028/1192/1028 
f 1001/1160/1001 997/1156/997 999/1158/999 
f 1029/1193/1029 997/1156/997 1028/1192/1028 
f 1030/1194/1030 995/1154/995 998/1157/998 
f 994/1152/994 1002/1161/1002 993/1150/993 
f 988/1145/988 1002/1161/1002 1031/1195/1031 
f 993/1150/993 986/1143/986 985/1142/985 
f 988/1145/988 999/1158/999 987/1144/987 
f 1003/1162/1003 1030/1196/1030 1032/1197/1032 
f 1032/1198/1032 998/1157/998 1029/1193/1029 
f 1005/1168/1005 1029/1193/1029 1033/1199/1033 
f 1028/1192/1028 1033/1199/1033 1029/1193/1029 
f 1033/1199/1033 1012/1173/1012 1009/1169/1009 
f 1012/1173/1012 1026/1190/1026 1015/1176/1015 
f 1015/1176/1015 1017/1178/1017 1014/1175/1014 
f 1019/1180/1019 1010/1188/1010 982/1186/982 
f 985/1142/985 990/1147/990 992/1149/992 
f 981/1138/981 1024/1187/1024 1022/1183/1022 
f 1020/1181/1020 1021/1182/1021 979/1136/979 
f 1034/1200/1034 1035/1201/1035 1036/1202/1036 
f 1034/1200/1034 1037/1203/1037 1038/1204/1038 
f 1039/1205/1039 1040/1206/1040 1041/1207/1041 
f 1042/1208/1042 1043/1209/1043 1044/1210/1044 
f 1045/1211/1045 1046/1212/1046 1047/1213/1047 
f 1048/1214/1048 1049/1215/1049 1050/1216/1050 
f 1048/1214/1048 1050/1216/1050 1051/1217/1051 
f 1051/1217/1051 1047/1213/1047 1046/1212/1046 
f 1048/1214/1048 1046/1212/1046 1052/1218/1052 
f 1053/1219/1053 1045/1211/1045 1054/1220/1054 
f 1053/1219/1053 1055/1221/1055 1043/1209/1043 
f 1053/1219/1053 1056/1222/1056 1057/1223/1057 
f 1058/1224/1058 1037/1203/1037 1036/1202/1036 
f 1041/1207/1041 1059/1225/1059 1060/1226/1060 
f 1061/1227/1061 1062/1228/1062 1063/1229/1063 
f 1064/1230/1064 1065/1231/1065 1066/1232/1066 
f 1061/1227/1061 1058/1224/1058 1065/1231/1065 
f 1066/1232/1066 1067/1233/1067 1064/1230/1064 
f 1066/1234/1066 1057/1223/1057 1056/1222/1056 
f 1057/1223/1057 1068/1235/1068 1055/1221/1055 
f 1055/1221/1055 1069/1236/1069 1070/1237/1070 
f 1070/1237/1070 1043/1209/1043 1055/1221/1055 
f 1041/1207/1041 1070/1237/1070 1069/1236/1069 
f 1044/1210/1044 1060/1226/1060 1052/1218/1052 
f 1042/1208/1042 1052/1218/1052 1046/1212/1046 
f 1060/1226/1060 1048/1214/1048 1052/1218/1052 
f 1041/1207/1041 1038/1204/1038 1039/1205/1039 
f 1039/1205/1039 1037/1203/1037 1071/1238/1071 
f 1063/1229/1063 1037/1203/1037 1058/1224/1058 
f 1040/1206/1040 1063/1229/1063 1062/1239/1062 
f 1059/1225/1059 1062/1239/1062 1049/1215/1049 
f 1064/1230/1064 1049/1240/1049 1062/1228/1062 
f 1067/1233/1067 1050/1241/1050 1049/1240/1049 
f 1072/1242/1072 1051/1243/1051 1050/1241/1050 
f 1072/1242/1072 1056/1244/1056 1054/1245/1054 
f 1045/1211/1045 1072/1246/1072 1054/1220/1054 
f 1068/1235/1068 1038/1204/1038 1069/1236/1069 
f 1073/1247/1073 1034/1200/1034 1068/1235/1068 
f 1073/1247/1073 1065/1248/1065 1035/1201/1035 
f 1035/1201/1035 1058/1224/1058 1036/1202/1036 
f 1074/1249/1074 1075/1250/1075 1076/1251/1076 
f 1076/1251/1076 1077/1252/1077 1074/1249/1074 
f 1078/1253/1078 1079/1254/1079 1080/1255/1080 
f 1079/1254/1079 1078/1253/1078 1081/1256/1081 
f 1081/1256/1081 1082/1257/1082 1083/1258/1083 
f 1084/1259/1084 1081/1256/1081 1083/1258/1083 
f 1085/1260/1085 1086/1261/1086 1087/1262/1087 
f 1085/1260/1085 1087/1262/1087 1088/1263/1088 
f 1084/1259/1084 1080/1264/1080 1079/1254/1079 
f 1089/1265/1089 1083/1258/1083 1082/1257/1082 
f 1090/1266/1090 1074/1249/1074 1091/1267/1091 
f 1090/1266/1090 1092/1268/1092 1085/1269/1085 
f 1090/1266/1090 1088/1263/1088 1075/1250/1075 
f 1087/1262/1087 1075/1250/1075 1088/1263/1088 
f 1082/1257/1082 1093/1270/1093 1094/1271/1094 
f 1080/1255/1080 1093/1270/1093 1078/1253/1078 
f 1095/1272/1095 1093/1270/1093 1096/1273/1096 
f 1095/1274/1095 1097/1275/1097 1098/1276/1098 
f 1098/1276/1098 1099/1277/1099 1095/1274/1095 
f 1100/1278/1100 1101/1279/1101 1102/1280/1102 
f 1102/1280/1102 1103/1281/1103 1100/1278/1100 
f 1102/1280/1102 1077/1252/1077 1104/1282/1104 
f 1077/1252/1077 1105/1283/1105 1106/1284/1106 
f 1091/1267/1091 1077/1252/1077 1106/1284/1106 
f 1091/1267/1091 1107/1285/1107 1092/1268/1092 
f 1092/1286/1092 1103/1281/1103 1086/1261/1086 
f 1086/1261/1086 1104/1282/1104 1076/1251/1076 
f 1087/1262/1087 1076/1251/1076 1075/1250/1075 
f 1107/1287/1107 1100/1278/1100 1103/1281/1103 
f 1108/1288/1108 1099/1289/1099 1105/1283/1105 
f 1094/1271/1094 1108/1288/1108 1109/1290/1109 
f 1089/1265/1089 1094/1271/1094 1110/1291/1110 
f 1111/1292/1111 1089/1265/1089 1097/1275/1097 
f 1089/1265/1089 1110/1291/1110 1097/1275/1097 
f 1096/1293/1096 1111/1292/1111 1097/1275/1097 
f 1098/1276/1098 1110/1291/1110 1101/1279/1101 
f 1101/1279/1101 1094/1271/1094 1109/1290/1109 
f 1102/1280/1102 1109/1290/1109 1112/1294/1112 
f 1112/1294/1112 1108/1288/1108 1105/1283/1105 
f 1107/1285/1107 1105/1283/1105 1099/1289/1099 
f 1113/1295/1113 1114/1296/1114 1115/1297/1115 
f 1116/1298/1116 1117/1299/1117 1114/1296/1114 
f 1118/1300/1118 1119/1301/1119 1116/1298/1116 
f 1119/1301/1119 1120/1302/1120 1116/1298/1116 
f 1121/1303/1121 1122/1304/1122 1123/1305/1123 
f 1124/1306/1124 1121/1303/1121 1125/1307/1125 
f 1121/1303/1121 1126/1308/1126 1125/1307/1125 
f 1127/1309/1127 1128/1310/1128 1129/1311/1129 
f 1122/1312/1122 1128/1310/1128 1123/1313/1123 
f 1130/1314/1130 1131/1315/1131 1132/1316/1132 
f 1130/1314/1130 1133/1317/1133 1134/1318/1134 
f 1131/1315/1131 1135/1319/1135 1132/1316/1132 
f 1131/1315/1131 1136/1320/1136 1137/1321/1137 
f 1138/1322/1138 1139/1323/1139 1140/1324/1140 
f 1141/1325/1141 1142/1326/1142 1138/1322/1138 
f 1138/1322/1138 1143/1327/1143 1141/1325/1141 
f 1130/1314/1130 1144/1328/1144 1133/1317/1133 
f 1145/1329/1145 1146/1330/1146 1147/1331/1147 
f 1145/1329/1145 1147/1331/1147 1148/1332/1148 
f 1146/1330/1146 1148/1333/1148 1147/1331/1147 
f 1141/1325/1141 1149/1334/1149 1150/1335/1150 
f 1150/1335/1150 1151/1336/1151 1141/1325/1141 
f 1144/1328/1144 1135/1337/1135 1152/1338/1152 
f 1144/1328/1144 1153/1339/1153 1133/1317/1133 
f 1154/1340/1154 1155/1341/1155 1156/1342/1156 
f 1157/1343/1157 1155/1344/1155 1158/1345/1158 
f 1159/1346/1159 1126/1308/1126 1123/1305/1123 
f 1123/1305/1123 1160/1347/1160 1161/1348/1161 
f 1159/1346/1159 1161/1348/1161 1162/1349/1162 
f 1151/1336/1151 1139/1323/1139 1142/1326/1142 
f 1163/1350/1163 1164/1351/1164 1149/1352/1149 
f 1149/1352/1149 1165/1353/1165 1163/1350/1163 
f 1165/1353/1165 1118/1300/1118 1163/1350/1163 
f 1166/1354/1166 1167/1355/1167 1168/1356/1168 
f 1168/1356/1168 1169/1357/1169 1164/1351/1164 
f 1169/1357/1169 1127/1309/1127 1170/1358/1170 
f 1171/1359/1171 1172/1360/1172 1115/1297/1115 
f 1170/1358/1170 1164/1351/1164 1169/1357/1169 
f 1170/1361/1170 1173/1362/1173 1172/1360/1172 
f 1173/1362/1173 1129/1363/1129 1174/1364/1174 
f 1174/1364/1174 1125/1307/1125 1173/1362/1173 
f 1174/1364/1174 1175/1365/1175 1176/1366/1176 
f 1124/1306/1124 1176/1366/1176 1177/1367/1177 
f 1178/1368/1178 1177/1367/1177 1179/1369/1179 
f 1179/1369/1179 1122/1304/1122 1178/1368/1178 
f 1179/1369/1179 1136/1320/1136 1153/1339/1153 
f 1180/1370/1180 1153/1339/1153 1152/1338/1152 
f 1180/1370/1180 1135/1337/1135 1175/1371/1175 
f 1180/1370/1180 1129/1372/1129 1122/1304/1122 
f 1175/1365/1175 1137/1321/1137 1176/1366/1176 
f 1177/1367/1177 1137/1321/1137 1136/1320/1136 
f 1125/1307/1125 1181/1373/1181 1172/1360/1172 
f 1125/1307/1125 1172/1360/1172 1173/1362/1173 
f 1115/1297/1115 1181/1373/1181 1113/1295/1113 
f 1115/1297/1115 1182/1374/1182 1171/1359/1171 
f 1182/1374/1182 1150/1375/1150 1171/1359/1171 
f 1171/1376/1171 1149/1352/1149 1164/1351/1164 
f 1183/1377/1183 1114/1296/1114 1117/1299/1117 
f 1182/1374/1182 1183/1377/1183 1150/1375/1150 
f 1183/1377/1183 1119/1378/1119 1150/1375/1150 
f 1184/1379/1184 1185/1380/1185 1186/1381/1186 
f 1184/1382/1184 1187/1383/1187 1120/1302/1120 
f 1117/1299/1117 1187/1383/1187 1188/1384/1188 
f 1183/1377/1183 1188/1384/1188 1185/1380/1185 
f 1189/1385/1189 1188/1384/1188 1190/1386/1190 
f 1186/1381/1186 1189/1385/1189 1191/1387/1191 
f 1187/1383/1187 1191/1388/1191 1192/1389/1192 
f 1188/1384/1188 1192/1389/1192 1190/1386/1190 
f 1189/1385/1189 1193/1390/1193 1194/1391/1194 
f 1191/1387/1191 1194/1391/1194 1195/1392/1195 
f 1192/1389/1192 1195/1393/1195 1196/1394/1196 
f 1190/1386/1190 1196/1394/1196 1193/1390/1193 
f 1197/1395/1197 1193/1390/1193 1196/1394/1196 
f 1145/1329/1145 1193/1390/1193 1146/1330/1146 
f 1145/1329/1145 1195/1392/1195 1194/1391/1194 
f 1195/1393/1195 1197/1395/1197 1196/1394/1196 
f 1166/1354/1166 1181/1373/1181 1198/1396/1198 
f 1181/1373/1181 1199/1397/1199 1198/1396/1198 
f 1198/1396/1198 1200/1398/1200 1167/1355/1167 
f 1169/1357/1169 1200/1398/1200 1201/1399/1201 
f 1199/1397/1199 1202/1400/1202 1200/1398/1200 
f 1200/1398/1200 1128/1310/1128 1201/1399/1201 
f 1159/1346/1159 1203/1401/1203 1202/1400/1202 
f 1128/1310/1128 1203/1401/1203 1160/1402/1160 
f 1203/1401/1203 1204/1403/1204 1160/1402/1160 
f 1161/1348/1161 1204/1404/1204 1205/1405/1205 
f 1161/1348/1161 1206/1406/1206 1162/1349/1162 
f 1162/1349/1162 1207/1407/1207 1203/1401/1203 
f 1205/1405/1205 1208/1408/1208 1206/1406/1206 
f 1207/1407/1207 1208/1408/1208 1156/1342/1156 
f 1204/1403/1204 1156/1342/1156 1155/1341/1155 
f 1204/1404/1204 1209/1409/1209 1205/1405/1205 
f 1208/1408/1208 1157/1343/1157 1210/1410/1210 
f 1154/1340/1154 1208/1408/1208 1210/1410/1210 
f 1136/1320/1136 1133/1317/1133 1153/1339/1153 
f 1163/1350/1163 1116/1298/1116 1113/1295/1113 
f 1168/1356/1168 1113/1295/1113 1166/1354/1166 
f 1139/1323/1139 1143/1411/1143 1140/1324/1140 
f 1158/1345/1158 1210/1410/1210 1157/1343/1157 
f 1211/1412/1211 1212/1413/1212 1213/1414/1213 
f 1214/1415/1214 1215/1416/1215 1212/1413/1212 
f 1216/1417/1216 1217/1418/1217 1218/1419/1218 
f 1219/1420/1219 1216/1417/1216 1218/1419/1218 
f 1220/1421/1220 1221/1422/1221 1222/1423/1222 
f 1222/1423/1222 1223/1424/1223 1220/1421/1220 
f 1224/1425/1224 1225/1426/1225 1226/1427/1226 
f 1226/1427/1226 1227/1428/1227 1224/1425/1224 
f 1226/1427/1226 1228/1429/1228 1229/1430/1229 
f 1223/1424/1223 1230/1431/1230 1231/1432/1231 
f 1223/1424/1223 1232/1433/1232 1233/1434/1233 
f 1234/1435/1234 1235/1436/1235 1236/1437/1236 
f 1237/1438/1237 1225/1426/1225 1235/1436/1235 
f 1237/1438/1237 1238/1439/1238 1239/1440/1239 
f 1238/1439/1238 1234/1435/1234 1240/1441/1240 
f 1238/1439/1238 1241/1442/1241 1242/1443/1242 
f 1243/1444/1243 1244/1445/1244 1245/1446/1245 
f 1243/1444/1243 1246/1447/1246 1247/1448/1247 
f 1248/1449/1248 1231/1432/1231 1249/1450/1249 
f 1248/1449/1248 1243/1451/1243 1245/1452/1245 
f 1250/1453/1250 1248/1449/1248 1245/1452/1245 
f 1250/1453/1250 1232/1433/1232 1248/1449/1248 
f 1251/1454/1251 1228/1429/1228 1252/1455/1252 
f 1252/1455/1252 1225/1426/1225 1239/1440/1239 
f 1239/1440/1239 1242/1443/1242 1252/1455/1252 
f 1252/1455/1252 1242/1443/1242 1251/1454/1251 
f 1251/1454/1251 1233/1434/1233 1232/1433/1232 
f 1220/1421/1220 1233/1434/1233 1253/1456/1253 
f 1253/1456/1253 1242/1443/1242 1241/1442/1241 
f 1220/1421/1220 1218/1419/1218 1217/1418/1217 
f 1241/1442/1241 1218/1419/1218 1253/1456/1253 
f 1221/1422/1221 1254/1457/1254 1255/1458/1255 
f 1246/1447/1246 1255/1458/1255 1247/1448/1247 
f 1222/1423/1222 1246/1447/1246 1230/1431/1230 
f 1246/1447/1246 1231/1432/1231 1230/1431/1230 
f 1255/1458/1255 1254/1457/1254 1213/1459/1213 
f 1211/1412/1211 1254/1460/1254 1216/1417/1216 
f 1213/1459/1213 1247/1448/1247 1255/1458/1255 
f 1244/1445/1244 1229/1461/1229 1245/1446/1245 
f 1244/1445/1244 1212/1462/1212 1227/1463/1227 
f 1224/1425/1224 1212/1413/1212 1215/1416/1215 
f 1215/1416/1215 1235/1436/1235 1224/1425/1224 
f 1236/1437/1236 1214/1415/1214 1256/1464/1256 
f 1236/1437/1236 1240/1441/1240 1234/1435/1234 
f 1256/1464/1256 1211/1412/1211 1219/1420/1219 
f 1219/1420/1219 1240/1441/1240 1256/1464/1256 
f 1250/1453/1250 1229/1430/1229 1228/1429/1228 
f 1257/1465/1257 1258/1466/1258 1259/1467/1259 
f 1260/1468/1260 1259/1467/1259 1258/1466/1258 
f 1258/1466/1258 1261/1469/1261 1260/1468/1260 
f 1262/1470/1262 1263/1471/1263 1264/1472/1264 
f 1262/1470/1262 1265/1473/1265 1266/1474/1266 
f 1266/1474/1266 1267/1475/1267 1262/1470/1262 
f 1268/1476/1268 1269/1477/1269 1270/1478/1270 
f 1271/1479/1271 1272/1480/1272 1273/1481/1273 
f 1274/1482/1274 1268/1476/1268 1270/1478/1270 
f 1263/1471/1263 1274/1482/1274 1275/1483/1275 
f 1274/1482/1274 1270/1478/1270 1275/1483/1275 
f 1276/1484/1276 1272/1480/1272 1274/1482/1274 
f 1277/1485/1277 1278/1486/1278 1279/1487/1279 
f 1279/1488/1279 1280/1489/1280 1277/1490/1277 
f 1279/1487/1279 1281/1491/1281 1282/1492/1282 
f 1257/1465/1257 1283/1493/1283 1284/1494/1284 
f 1263/1471/1263 1275/1483/1275 1264/1472/1264 
f 1285/1495/1285 1264/1472/1264 1275/1483/1275 
f 1265/1473/1265 1286/1496/1286 1281/1491/1281 
f 1282/1492/1282 1286/1496/1286 1287/1497/1287 
f 1284/1494/1284 1282/1498/1282 1287/1499/1287 
f 1277/1490/1277 1283/1493/1283 1288/1500/1288 
f 1289/1501/1289 1288/1502/1288 1290/1503/1290 
f 1291/1504/1291 1267/1475/1267 1292/1505/1292 
f 1291/1504/1291 1293/1506/1293 1273/1481/1273 
f 1294/1507/1294 1273/1481/1273 1272/1480/1272 
f 1273/1481/1273 1295/1508/1295 1271/1479/1271 
f 1293/1506/1293 1260/1468/1260 1295/1508/1295 
f 1295/1508/1295 1261/1469/1261 1296/1509/1296 
f 1271/1479/1271 1296/1509/1296 1269/1477/1269 
f 1296/1509/1296 1287/1497/1287 1286/1496/1286 
f 1261/1469/1261 1284/1494/1284 1287/1499/1287 
f 1284/1494/1284 1283/1493/1283 1280/1489/1280 
f 1288/1500/1288 1259/1467/1259 1297/1510/1297 
f 1290/1503/1290 1297/1511/1297 1293/1506/1293 
f 1286/1496/1286 1269/1477/1269 1296/1509/1296 
f 1275/1483/1275 1269/1477/1269 1285/1495/1285 
f 1263/1471/1263 1294/1507/1294 1276/1484/1276 
f 1292/1505/1292 1290/1503/1290 1291/1504/1291 
f 1281/1491/1281 1266/1474/1266 1265/1473/1265 
f 1289/1501/1289 1266/1474/1266 1278/1486/1278 
f 1298/1512/1298 1299/1513/1299 1300/1514/1300 
f 1301/1515/1301 1299/1513/1299 1302/1516/1302 
f 1303/1517/1303 1304/1518/1304 1300/1514/1300 
f 1305/1519/1305 1306/1520/1306 1307/1521/1307 
f 1305/1519/1305 1308/1522/1308 1309/1523/1309 
f 1310/1524/1310 1311/1525/1311 1312/1526/1312 
f 1311/1525/1311 1310/1524/1310 1313/1527/1313 
f 1309/1523/1309 1314/1528/1314 1315/1529/1315 
f 1309/1523/1309 1315/1529/1315 1316/1530/1316 
f 1317/1531/1317 1318/1532/1318 1319/1533/1319 
f 1315/1529/1315 1317/1531/1317 1319/1533/1319 
f 1316/1530/1316 1319/1533/1319 1318/1532/1318 
f 1320/1534/1320 1321/1535/1321 1322/1536/1322 
f 1323/1537/1323 1321/1535/1321 1324/1538/1324 
f 1309/1523/1309 1318/1539/1318 1305/1519/1305 
f 1320/1540/1320 1324/1538/1324 1325/1541/1325 
f 1298/1512/1298 1304/1518/1304 1326/1542/1326 
f 1298/1512/1298 1326/1542/1326 1327/1543/1327 
f 1300/1514/1300 1324/1538/1324 1321/1535/1321 
f 1300/1514/1300 1325/1544/1325 1328/1545/1328 
f 1329/1546/1329 1330/1547/1330 1303/1548/1303 
f 1331/1549/1331 1303/1517/1303 1300/1514/1300 
f 1331/1549/1331 1328/1545/1328 1332/1550/1332 
f 1329/1551/1329 1331/1549/1331 1333/1552/1333 
f 1334/1553/1334 1331/1554/1331 1332/1555/1332 
f 1334/1553/1334 1302/1516/1302 1335/1556/1335 
f 1335/1556/1335 1336/1557/1336 1334/1553/1334 
f 1337/1558/1337 1335/1556/1335 1338/1559/1338 
f 1339/1560/1339 1337/1558/1337 1340/1561/1340 
f 1341/1562/1341 1337/1558/1337 1342/1563/1342 
f 1341/1562/1341 1343/1564/1343 1340/1561/1340 
f 1344/1565/1344 1345/1566/1345 1346/1567/1346 
f 1346/1567/1346 1317/1531/1317 1344/1565/1344 
f 1307/1521/1307 1346/1568/1346 1347/1569/1347 
f 1307/1521/1307 1348/1570/1348 1308/1522/1308 
f 1308/1522/1308 1343/1564/1343 1314/1528/1314 
f 1314/1528/1314 1344/1565/1344 1317/1531/1317 
f 1343/1564/1343 1339/1560/1339 1340/1561/1340 
f 1349/1571/1349 1350/1572/1350 1339/1560/1339 
f 1351/1573/1351 1334/1553/1334 1336/1557/1336 
f 1352/1574/1352 1333/1575/1333 1353/1576/1353 
f 1352/1574/1352 1338/1559/1338 1354/1577/1354 
f 1354/1577/1354 1330/1547/1330 1352/1574/1352 
f 1327/1543/1327 1355/1578/1355 1330/1547/1330 
f 1330/1547/1330 1356/1579/1356 1303/1548/1303 
f 1357/1580/1357 1355/1578/1355 1358/1581/1358 
f 1356/1582/1356 1359/1583/1359 1304/1518/1304 
f 1359/1583/1359 1326/1542/1326 1304/1518/1304 
f 1360/1584/1360 1355/1578/1355 1326/1542/1326 
f 1358/1581/1358 1361/1585/1361 1362/1586/1362 
f 1357/1580/1357 1362/1586/1362 1363/1587/1363 
f 1357/1588/1357 1364/1589/1364 1359/1583/1359 
f 1359/1583/1359 1361/1585/1361 1360/1584/1360 
f 1365/1590/1365 1364/1589/1364 1366/1591/1366 
f 1361/1585/1361 1367/1592/1367 1362/1586/1362 
f 1363/1587/1363 1367/1592/1367 1368/1593/1368 
f 1368/1594/1368 1364/1589/1364 1363/1595/1363 
f 1365/1590/1365 1369/1596/1369 1370/1597/1370 
f 1365/1590/1365 1371/1598/1371 1367/1592/1367 
f 1368/1593/1368 1371/1598/1371 1372/1599/1372 
f 1372/1600/1372 1366/1591/1366 1368/1594/1368 
f 1369/1596/1369 1373/1601/1373 1374/1602/1374 
f 1369/1596/1369 1375/1603/1375 1370/1597/1370 
f 1375/1603/1375 1371/1598/1371 1370/1597/1370 
f 1372/1599/1372 1376/1604/1376 1373/1605/1373 
f 1377/1606/1377 1373/1605/1373 1376/1604/1376 
f 1374/1602/1374 1378/1607/1378 1379/1608/1379 
f 1374/1602/1374 1380/1609/1380 1375/1603/1375 
f 1380/1609/1380 1376/1604/1376 1375/1603/1375 
f 1377/1606/1377 1312/1610/1312 1378/1611/1378 
f 1377/1606/1377 1313/1527/1313 1310/1524/1310 
f 1313/1527/1313 1379/1608/1379 1311/1525/1311 
f 1379/1608/1379 1312/1526/1312 1311/1525/1311 
f 1327/1543/1327 1381/1612/1381 1298/1512/1298 
f 1354/1577/1354 1338/1559/1338 1381/1612/1381 
f 1302/1516/1302 1299/1513/1299 1335/1556/1335 
f 1335/1556/1335 1381/1612/1381 1338/1559/1338 
f 1302/1516/1302 1328/1613/1328 1301/1515/1301 
f 1301/1515/1301 1325/1541/1325 1324/1538/1324 
f 1337/1558/1337 1353/1576/1353 1342/1563/1342 
f 1342/1563/1342 1333/1575/1333 1351/1614/1351 
f 1341/1562/1341 1351/1614/1351 1345/1566/1345 
f 1345/1615/1345 1336/1557/1336 1349/1571/1349 
f 1347/1569/1347 1345/1615/1345 1349/1571/1349 
f 1348/1570/1348 1349/1571/1349 1339/1560/1339 
f 1320/1534/1320 1322/1536/1322 1323/1537/1323 
f 1382/1616/1382 1383/1617/1383 1384/1618/1384 
f 1385/1619/1385 1386/1620/1386 1387/1621/1387 
f 1385/1619/1385 1388/1622/1388 1389/1623/1389 
f 1390/1624/1390 1391/1625/1391 1392/1626/1392 
f 1390/1624/1390 1393/1627/1393 1394/1628/1394 
f 1395/1629/1395 1396/1630/1396 1397/1631/1397 
f 1395/1629/1395 1398/1632/1398 1388/1622/1388 
f 1395/1629/1395 1385/1619/1385 1399/1633/1399 
f 1393/1627/1393 1400/1634/1400 1394/1628/1394 
f 1393/1627/1393 1401/1635/1401 1402/1636/1402 
f 1403/1637/1403 1404/1638/1404 1405/1639/1405 
f 1403/1637/1403 1406/1640/1406 1407/1641/1407 
f 1405/1639/1405 1396/1630/1396 1403/1637/1403 
f 1408/1642/1408 1398/1632/1398 1409/1643/1409 
f 1383/1644/1383 1410/1645/1410 1384/1646/1384 
f 1411/1647/1411 1382/1616/1382 1412/1648/1412 
f 1412/1648/1412 1390/1624/1390 1411/1647/1411 
f 1410/1645/1410 1390/1624/1390 1394/1628/1394 
f 1382/1616/1382 1413/1649/1413 1412/1648/1412 
f 1413/1649/1413 1391/1625/1391 1412/1648/1412 
f 1413/1649/1413 1414/1650/1414 1415/1651/1415 
f 1401/1635/1401 1414/1650/1414 1416/1652/1416 
f 1415/1651/1415 1392/1626/1392 1391/1625/1391 
f 1402/1636/1402 1416/1652/1416 1417/1653/1417 
f 1417/1653/1417 1400/1634/1400 1402/1636/1402 
f 1418/1654/1418 1419/1655/1419 1420/1656/1420 
f 1400/1634/1400 1410/1645/1410 1394/1628/1394 
f 1418/1654/1418 1421/1657/1421 1422/1658/1422 
f 1410/1645/1410 1422/1658/1422 1384/1646/1384 
f 1384/1618/1384 1423/1659/1423 1382/1616/1382 
f 1424/1660/1424 1422/1661/1422 1421/1662/1421 
f 1423/1659/1423 1425/1663/1425 1413/1649/1413 
f 1424/1660/1424 1426/1664/1426 1425/1663/1425 
f 1425/1663/1425 1427/1665/1427 1414/1650/1414 
f 1416/1652/1416 1427/1665/1427 1428/1666/1428 
f 1417/1653/1417 1428/1666/1428 1429/1667/1429 
f 1419/1655/1419 1429/1667/1429 1430/1668/1430 
f 1430/1668/1430 1420/1656/1420 1419/1655/1419 
f 1421/1657/1421 1431/1669/1431 1432/1670/1432 
f 1421/1662/1421 1433/1671/1433 1424/1660/1424 
f 1433/1671/1433 1434/1672/1434 1435/1673/1435 
f 1433/1671/1433 1436/1674/1436 1426/1664/1426 
f 1426/1664/1426 1437/1675/1437 1427/1665/1427 
f 1427/1665/1427 1438/1676/1438 1428/1666/1428 
f 1429/1667/1429 1438/1676/1438 1439/1677/1439 
f 1430/1668/1430 1439/1677/1439 1440/1678/1440 
f 1440/1678/1440 1431/1669/1431 1430/1668/1430 
f 1441/1679/1441 1432/1670/1432 1431/1669/1431 
f 1435/1673/1435 1442/1680/1442 1443/1681/1443 
f 1435/1673/1435 1444/1682/1444 1436/1674/1436 
f 1436/1674/1436 1445/1683/1445 1437/1675/1437 
f 1437/1675/1437 1446/1684/1446 1438/1676/1438 
f 1439/1677/1439 1446/1684/1446 1447/1685/1447 
f 1440/1678/1440 1447/1685/1447 1448/1686/1448 
f 1448/1686/1448 1441/1679/1441 1440/1678/1440 
f 1434/1687/1434 1449/1688/1449 1442/1689/1442 
f 1442/1689/1442 1450/1690/1450 1451/1691/1451 
f 1404/1638/1404 1442/1680/1442 1451/1692/1451 
f 1404/1638/1404 1444/1682/1444 1443/1681/1443 
f 1407/1641/1407 1445/1683/1445 1444/1682/1444 
f 1406/1640/1406 1446/1684/1446 1445/1683/1445 
f 1447/1685/1447 1452/1693/1452 1387/1621/1387 
f 1448/1686/1448 1387/1621/1387 1386/1620/1386 
f 1386/1620/1386 1449/1688/1449 1448/1686/1448 
f 1409/1643/1409 1450/1690/1450 1408/1642/1408 
f 1451/1692/1451 1405/1639/1405 1404/1638/1404 
f 1405/1639/1405 1398/1632/1398 1397/1631/1397 
f 1450/1690/1450 1389/1623/1389 1408/1642/1408 
f 1387/1621/1387 1399/1633/1399 1385/1619/1385 
f 1399/1633/1399 1406/1640/1406 1396/1630/1396 
f 1398/1632/1398 1389/1623/1389 1388/1622/1388 
f 1453/1694/1453 1454/1695/1454 1455/1696/1455 
f 1455/1696/1455 1456/1697/1456 1453/1694/1453 
f 1455/1696/1455 1454/1695/1454 1457/1698/1457 
f 1458/1699/1458 1453/1694/1453 1459/1700/1459 
f 1460/1701/1460 1453/1694/1453 1456/1697/1456 
f 1460/1702/1460 1461/1703/1461 1462/1704/1462 
f 1463/1705/1463 1464/1706/1464 1465/1707/1465 
f 1465/1708/1465 1466/1709/1466 1463/1705/1463 
f 1465/1710/1465 1467/1711/1467 1468/1712/1468 
f 1463/1705/1463 1469/1713/1469 1470/1714/1470 
f 1470/1714/1470 1471/1715/1471 1463/1705/1463 
f 1471/1715/1471 1472/1716/1472 1463/1705/1463 
f 1473/1717/1473 1474/1718/1474 1465/1710/1465 
f 1464/1719/1464 1473/1717/1473 1465/1710/1465 
f 1475/1720/1475 1476/1721/1476 1477/1722/1477 
f 1457/1698/1457 1456/1723/1456 1478/1724/1478 
f 1479/1725/1479 1480/1726/1480 1481/1727/1481 
f 1481/1727/1481 1482/1728/1482 1483/1729/1483 
f 1483/1729/1483 1479/1725/1479 1481/1727/1481 
f 1462/1730/1462 1484/1731/1484 1460/1732/1460 
f 1476/1721/1476 1485/1733/1485 1486/1734/1486 
f 1466/1709/1466 1487/1735/1487 1463/1705/1463 
f 1488/1736/1488 1482/1728/1482 1489/1737/1489 
f 1489/1737/1489 1479/1725/1479 1488/1736/1488 
f 1490/1738/1490 1486/1739/1486 1485/1733/1485 
f 1491/1740/1491 1492/1741/1492 1493/1742/1493 
f 1491/1740/1491 1494/1743/1494 1460/1702/1460 
f 1484/1731/1484 1459/1744/1459 1460/1732/1460 
f 1495/1745/1495 1496/1746/1496 1459/1744/1459 
f 1495/1745/1495 1497/1747/1497 1498/1748/1498 
f 1495/1745/1495 1499/1749/1499 1500/1750/1500 
f 1498/1748/1498 1491/1740/1491 1499/1749/1499 
f 1499/1749/1499 1493/1742/1493 1501/1751/1501 
f 1502/1752/1502 1501/1751/1501 1503/1753/1503 
f 1502/1752/1502 1504/1754/1504 1487/1735/1487 
f 1503/1753/1503 1505/1755/1505 1506/1756/1506 
f 1503/1753/1503 1468/1712/1468 1504/1754/1504 
f 1507/1757/1507 1468/1712/1468 1467/1711/1467 
f 1467/1711/1467 1508/1758/1508 1509/1759/1509 
f 1508/1760/1508 1510/1761/1510 1511/1762/1511 
f 1510/1761/1510 1512/1763/1512 1513/1764/1513 
f 1510/1761/1510 1514/1765/1514 1515/1766/1515 
f 1514/1765/1514 1516/1767/1516 1517/1768/1517 
f 1514/1765/1514 1518/1769/1518 1519/1770/1519 
f 1520/1771/1520 1517/1768/1517 1521/1772/1521 
f 1518/1769/1518 1522/1773/1522 1523/1774/1523 
f 1523/1774/1523 1524/1775/1524 1490/1738/1490 
f 1522/1773/1522 1525/1776/1525 1526/1777/1526 
f 1524/1775/1524 1526/1777/1526 1486/1739/1486 
f 1486/1734/1486 1477/1722/1477 1476/1721/1476 
f 1477/1722/1477 1525/1778/1525 1527/1779/1527 
f 1477/1722/1477 1519/1770/1519 1475/1720/1475 
f 1519/1770/1519 1523/1774/1523 1475/1720/1475 
f 1485/1733/1485 1523/1774/1523 1490/1738/1490 
f 1519/1770/1519 1515/1766/1515 1514/1765/1514 
f 1527/1779/1527 1528/1780/1528 1515/1766/1515 
f 1528/1780/1528 1510/1761/1510 1515/1766/1515 
f 1528/1781/1528 1529/1782/1529 1511/1783/1511 
f 1529/1782/1529 1508/1758/1508 1511/1783/1511 
f 1509/1759/1509 1516/1767/1516 1530/1784/1530 
f 1509/1759/1509 1507/1757/1507 1467/1711/1467 
f 1507/1757/1507 1512/1763/1512 1469/1713/1469 
f 1507/1757/1507 1487/1735/1487 1504/1754/1504 
f 1469/1713/1469 1512/1763/1512 1470/1714/1470 
f 1470/1714/1470 1531/1785/1531 1532/1786/1532 
f 1474/1718/1474 1533/1787/1533 1508/1758/1508 
f 1531/1785/1531 1533/1788/1533 1532/1786/1532 
f 1512/1763/1512 1516/1767/1516 1513/1764/1513 
f 1516/1767/1516 1521/1772/1521 1517/1768/1517 
f 1521/1772/1521 1525/1776/1525 1520/1771/1520 
f 1468/1712/1468 1534/1789/1534 1465/1710/1465 
f 1506/1756/1506 1496/1790/1496 1534/1789/1534 
f 1500/1750/1500 1534/1791/1534 1496/1746/1496 
f 1505/1755/1505 1459/1700/1459 1496/1790/1496 
f 1492/1741/1492 1458/1699/1458 1493/1742/1493 
f 1501/1751/1501 1458/1699/1458 1505/1755/1505 
f 1499/1749/1499 1466/1709/1466 1500/1750/1500 
f 1497/1747/1497 1491/1740/1491 1498/1748/1498 
f 1484/1731/1484 1535/1792/1535 1497/1747/1497 
f 1535/1792/1535 1494/1743/1494 1497/1747/1497 
f 1535/1792/1535 1536/1793/1536 1537/1794/1537 
f 1461/1703/1461 1537/1794/1537 1538/1795/1538 
f 1538/1795/1538 1462/1704/1462 1461/1703/1461 
f 1539/1796/1539 1540/1797/1540 1462/1730/1462 
f 1536/1793/1536 1541/1798/1541 1542/1799/1542 
f 1536/1793/1536 1543/1800/1543 1537/1794/1537 
f 1537/1794/1537 1544/1801/1544 1538/1795/1538 
f 1544/1801/1544 1539/1802/1539 1538/1795/1538 
f 1545/1803/1545 1546/1804/1546 1489/1737/1489 
f 1482/1728/1482 1545/1803/1545 1489/1737/1489 
f 1492/1741/1492 1456/1723/1456 1454/1695/1454 
f 1482/1728/1482 1464/1706/1464 1472/1716/1472 
f 1546/1805/1546 1464/1719/1464 1480/1806/1480 
f 1545/1803/1545 1473/1807/1473 1547/1808/1547 
f 1473/1807/1473 1532/1786/1532 1533/1788/1533 
f 1455/1696/1455 1457/1698/1457 1478/1724/1478 
f 1541/1798/1541 1543/1800/1543 1542/1799/1542 
f 1/1/1 6/6/6 2/2/2 
f 1/1/1 3/3/3 4/4/4 
f 5/5/5 7/7/7 6/6/6 
f 4/4/4 25/27/25 7/7/7 
f 8/8/8 11/11/11 9/9/9 
f 11/11/11 14/14/14 12/12/12 
f 11/11/11 8/8/8 13/13/13 
f 10/10/10 16/16/16 15/15/15 
f 18/18/18 19/20/19 6/6/6 
f 19/19/19 21/62/21 2/2/2 
f 19/20/19 18/18/18 20/21/20 
f 17/23/17 9/9/9 12/12/12 
f 15/15/15 24/26/24 13/13/13 
f 15/15/15 16/16/16 23/25/23 
f 20/21/20 18/18/18 7/7/7 
f 20/21/20 25/27/25 26/28/26 
f 25/27/25 4/4/4 28/30/28 
f 28/30/28 31/33/31 29/31/29 
f 28/30/28 54/63/54 30/32/30 
f 31/33/31 30/32/30 32/34/32 
f 30/32/30 54/63/54 34/36/34 
f 32/34/32 30/32/30 35/37/35 
f 36/38/36 35/37/35 37/39/37 
f 36/38/36 38/40/38 39/41/39 
f 41/43/41 39/46/39 38/44/38 
f 39/46/39 41/43/41 43/47/43 
f 41/43/41 55/64/55 45/49/45 
f 45/49/45 24/26/24 23/25/23 
f 24/26/24 45/49/45 46/50/46 
f 13/13/13 46/50/46 47/51/47 
f 14/14/14 47/51/47 48/52/48 
f 22/24/22 12/12/12 48/52/48 
f 43/47/43 23/25/23 22/54/22 
f 22/54/22 23/25/23 16/16/16 
f 44/53/44 48/52/48 40/42/40 
f 40/42/40 48/52/48 47/51/47 
f 49/55/49 32/34/32 36/38/36 
f 50/56/50 33/35/33 32/34/32 
f 29/31/29 31/33/31 33/35/33 
f 52/58/52 27/29/27 26/28/26 
f 27/29/27 52/58/52 37/59/37 
f 20/21/20 27/29/27 53/60/53 
f 53/61/53 34/36/34 2/2/2 
f 3/3/3 2/2/2 34/36/34 
f 3/3/3 54/63/54 28/30/28 
f 35/37/35 34/36/34 53/61/53 
f 37/59/37 52/58/52 42/45/42 
f 52/58/52 29/31/29 51/57/51 
f 42/45/42 51/57/51 55/64/55 
f 51/57/51 33/35/33 50/56/50 
f 45/49/45 55/64/55 50/56/50 
f 49/55/49 47/51/47 46/50/46 
f 56/65/56 97/111/97 57/66/57 
f 60/69/60 84/98/84 61/70/61 
f 63/75/63 65/97/65 66/76/66 
f 68/78/68 101/120/101 69/79/69 
f 72/82/72 68/78/68 70/80/70 
f 74/84/74 79/90/79 75/85/75 
f 74/87/74 76/114/76 77/88/77 
f 79/90/79 74/84/74 78/91/78 
f 81/93/81 96/110/96 82/94/82 
f 83/96/83 82/116/82 66/76/66 
f 83/95/83 65/74/65 64/73/64 
f 84/98/84 100/118/100 85/99/85 
f 77/88/77 87/101/87 80/92/80 
f 87/101/87 92/106/92 88/102/88 
f 87/101/87 89/103/89 90/104/90 
f 87/101/87 77/88/77 91/105/91 
f 91/105/91 86/100/86 85/99/85 
f 62/71/62 86/100/86 91/105/91 
f 60/69/60 62/71/62 93/107/93 
f 57/66/57 60/69/60 94/108/94 
f 58/67/58 57/66/57 95/109/95 
f 60/69/60 57/66/57 97/111/97 
f 58/67/58 96/110/96 81/93/81 
f 59/68/59 81/93/81 72/82/72 
f 71/81/71 72/82/72 64/73/64 
f 98/112/98 82/94/82 96/110/96 
f 95/109/95 94/108/94 75/113/75 
f 94/108/94 93/107/93 76/114/76 
f 93/107/93 91/105/91 77/88/77 
f 98/115/98 99/117/99 66/76/66 
f 98/115/98 75/85/75 79/90/79 
f 66/76/66 99/117/99 90/104/90 
f 99/117/99 79/90/79 80/92/80 
f 92/106/92 85/99/85 100/118/100 
f 69/79/69 101/120/101 88/102/88 
f 70/80/70 69/79/69 97/111/97 
f 100/118/100 84/98/84 97/111/97 
f 73/83/73 70/80/70 56/65/56 
f 89/103/89 102/121/102 67/119/67 
f 101/120/101 68/78/68 71/81/71 
f 102/121/102 71/81/71 63/72/63 
f 102/121/102 89/103/89 88/102/88 
f 103/122/103 152/179/152 104/123/104 
f 105/124/105 108/127/108 106/125/106 
f 105/124/105 104/123/104 107/126/107 
f 104/123/104 152/179/152 109/128/109 
f 107/129/107 109/178/109 110/130/110 
f 106/125/106 108/127/108 110/130/110 
f 112/132/112 115/1809/115 113/133/113 
f 115/135/115 112/132/112 116/136/116 
f 113/133/113 120/140/120 118/138/118 
f 113/133/113 115/1809/115 119/139/119 
f 114/134/114 121/142/121 116/136/116 
f 122/143/122 121/142/121 118/138/118 
f 116/136/116 121/142/121 122/143/122 
f 117/137/117 116/136/116 124/145/124 
f 119/141/119 117/137/117 125/146/125 
f 120/140/120 119/139/119 126/148/126 
f 120/140/120 127/149/127 123/144/123 
f 127/149/127 132/154/132 128/150/128 
f 128/150/128 129/151/129 122/143/122 
f 129/151/129 130/152/130 124/145/124 
f 130/152/130 131/153/131 125/146/125 
f 131/153/131 133/161/133 126/147/126 
f 126/148/126 133/155/133 132/154/132 
f 133/155/133 138/165/138 134/156/134 
f 134/156/134 135/157/135 128/150/128 
f 135/157/135 136/158/136 129/151/129 
f 136/158/136 145/169/145 130/152/130 
f 130/152/130 145/169/145 137/159/137 
f 131/153/131 137/159/137 138/160/138 
f 138/160/138 137/159/137 139/162/139 
f 137/159/137 145/169/145 141/164/141 
f 138/165/138 140/174/140 142/166/142 
f 134/156/134 142/166/142 143/167/143 
f 135/157/135 143/167/143 144/168/144 
f 144/168/144 141/164/141 145/169/145 
f 144/168/144 151/177/151 146/170/146 
f 141/164/141 146/170/146 147/171/147 
f 139/162/139 147/171/147 148/172/148 
f 148/173/148 149/175/149 142/166/142 
f 149/175/149 150/176/150 143/167/143 
f 150/176/150 151/177/151 144/168/144 
f 151/177/151 106/125/106 111/131/111 
f 147/171/147 146/170/146 111/131/111 
f 148/172/148 147/171/147 110/130/110 
f 149/175/149 148/173/148 109/128/109 
f 149/175/149 152/179/152 103/122/103 
f 150/176/150 103/122/103 106/125/106 
f 153/180/153 158/185/158 154/181/154 
f 155/182/155 170/199/170 156/183/156 
f 153/180/153 156/183/156 157/184/157 
f 162/189/162 160/187/160 159/186/159 
f 165/192/165 167/232/167 166/193/166 
f 165/194/165 162/189/162 163/190/163 
f 168/196/168 170/199/170 155/197/155 
f 168/196/168 171/200/171 156/183/156 
f 157/184/157 156/183/156 171/200/171 
f 172/201/172 171/200/171 169/198/169 
f 173/202/173 202/237/202 174/203/174 
f 175/204/175 178/207/178 176/205/176 
f 178/207/178 180/209/180 179/208/179 
f 180/209/180 174/203/174 181/210/181 
f 181/210/181 203/239/203 182/211/182 
f 182/211/182 203/239/203 177/213/177 
f 182/211/182 184/214/184 185/215/185 
f 187/217/187 185/221/185 184/218/184 
f 187/217/187 190/222/190 189/220/189 
f 190/222/190 187/217/187 191/223/191 
f 192/224/192 191/223/191 193/225/193 
f 192/224/192 194/226/194 195/227/195 
f 194/226/194 200/234/200 197/229/197 
f 198/230/198 167/195/167 163/190/163 
f 199/231/199 166/193/166 167/232/167 
f 166/193/166 199/231/199 196/228/196 
f 159/186/159 161/188/161 196/228/196 
f 163/190/163 159/186/159 195/227/195 
f 192/224/192 196/228/196 199/231/199 
f 198/233/198 189/220/189 190/222/190 
f 200/234/200 189/235/189 198/230/198 
f 189/235/189 200/234/200 186/216/186 
f 200/234/200 194/226/194 193/225/193 
f 193/225/193 183/212/183 182/211/182 
f 193/225/193 191/223/191 201/236/201 
f 183/212/183 201/236/201 179/208/179 
f 201/236/201 188/219/188 176/205/176 
f 177/206/177 176/205/176 188/219/188 
f 177/213/177 203/239/203 202/237/202 
f 174/203/174 202/237/202 203/239/203 
f 172/201/172 174/203/174 180/209/180 
f 158/185/158 157/184/157 180/209/180 
f 175/204/175 154/181/154 158/185/158 
f 173/202/173 154/240/154 175/238/175 
f 154/240/154 173/202/173 169/198/169 
f 188/219/188 201/236/201 191/223/191 
f 161/188/161 160/187/160 164/191/164 
f 204/241/204 211/248/211 205/242/205 
f 207/244/207 215/1810/215 208/245/208 
f 211/248/211 228/1811/228 212/249/212 
f 213/250/213 207/1812/207 210/251/210 
f 215/253/215 207/1812/207 213/250/213 
f 208/245/208 216/254/216 217/255/217 
f 209/246/209 217/255/217 214/256/214 
f 213/250/213 214/252/214 218/257/218 
f 216/254/216 213/250/213 219/258/219 
f 216/254/216 220/259/220 221/260/221 
f 217/255/217 221/260/221 218/261/218 
f 218/261/218 221/260/221 222/262/222 
f 218/257/218 223/1813/223 224/264/224 
f 220/259/220 219/258/219 224/264/224 
f 220/259/220 225/265/225 222/262/222 
f 225/265/225 227/268/227 226/266/226 
f 222/262/222 226/266/226 204/267/204 
f 224/264/224 223/1813/223 204/241/204 
f 225/265/225 224/264/224 206/243/206 
f 227/268/227 206/243/206 205/242/205 
f 227/268/227 212/249/212 228/269/228 
f 226/266/226 228/269/228 211/270/211 
f 234/276/234 237/1814/237 235/277/235 
f 238/280/238 237/279/237 234/276/234 
f 230/272/230 250/297/250 240/283/240 
f 241/285/241 250/297/250 230/272/230 
f 241/285/241 249/295/249 242/286/242 
f 244/288/244 247/291/247 245/289/245 
f 244/288/244 251/298/251 239/282/239 
f 236/278/236 235/277/235 247/291/247 
f 248/292/248 242/286/242 245/293/245 
f 246/290/246 250/297/250 241/285/241 
f 229/271/229 232/274/232 249/295/249 
f 249/295/249 232/274/232 233/275/233 
f 245/293/245 242/286/242 249/295/249 
f 245/289/245 240/283/240 250/297/250 
f 246/290/246 243/287/243 251/298/251 
f 243/287/243 242/286/242 248/292/248 
f 239/282/239 251/298/251 248/292/248 
f 238/280/238 248/292/248 247/294/247 
f 255/303/255 292/346/292 256/304/256 
f 254/302/254 253/301/253 258/306/258 
f 252/300/252 254/302/254 259/307/259 
f 261/309/261 262/310/262 255/303/255 
f 262/310/262 261/309/261 263/311/263 
f 257/305/257 265/313/265 263/311/263 
f 266/314/266 269/317/269 267/315/267 
f 266/314/266 252/300/252 260/308/260 
f 269/317/269 260/308/260 270/318/270 
f 267/315/267 269/317/269 271/319/271 
f 258/321/258 267/315/267 272/320/272 
f 272/320/272 271/319/271 274/323/274 
f 273/322/273 272/320/272 275/324/275 
f 276/326/276 279/330/279 277/327/277 
f 278/329/278 280/345/280 276/325/276 
f 279/330/279 276/326/276 280/331/280 
f 279/330/279 281/332/281 282/333/282 
f 282/333/282 281/332/281 284/335/284 
f 285/336/285 288/339/288 286/337/286 
f 285/336/285 293/347/293 287/338/287 
f 264/312/264 265/313/265 289/340/289 
f 287/338/287 289/340/289 290/341/290 
f 265/313/265 257/1815/257 256/342/256 
f 256/304/256 292/346/292 284/335/284 
f 289/340/289 256/342/256 291/344/291 
f 278/329/278 290/341/290 291/344/291 
f 288/339/288 290/341/290 278/329/278 
f 282/333/282 286/337/286 274/323/274 
f 279/330/279 283/334/283 270/318/270 
f 259/307/259 277/327/277 270/318/270 
f 273/328/273 277/327/277 259/307/259 
f 258/321/258 253/1816/253 268/316/268 
f 271/319/271 270/318/270 283/334/283 
f 274/323/274 286/337/286 278/329/278 
f 281/332/281 280/331/280 291/343/291 
f 285/336/285 284/335/284 292/346/292 
f 293/347/293 292/346/292 255/303/255 
f 293/347/293 262/310/262 264/312/264 
f 252/300/252 266/314/266 268/316/268 
f 297/351/297 301/355/301 298/352/298 
f 301/355/301 297/351/297 300/354/300 
f 300/354/300 299/353/299 298/358/298 
f 294/348/294 319/379/319 305/360/305 
f 306/361/306 318/375/318 307/362/307 
f 309/364/309 320/380/320 310/365/310 
f 311/367/311 315/371/315 312/368/312 
f 301/355/301 311/367/311 314/370/314 
f 301/355/301 302/356/302 315/371/315 
f 316/372/316 320/380/320 312/368/312 
f 313/369/313 306/361/306 308/363/308 
f 317/374/317 319/379/319 318/375/318 
f 304/359/304 295/349/295 305/360/305 
f 318/375/318 296/378/296 304/377/304 
f 318/375/318 319/379/319 294/348/294 
f 308/366/308 307/376/307 305/360/305 
f 309/364/309 305/360/305 319/379/319 
f 320/380/320 309/364/309 317/374/317 
f 312/368/312 317/374/317 306/361/306 
f 311/367/311 313/369/313 310/373/310 
f 314/381/314 310/365/310 320/380/320 
f 303/357/303 298/358/298 314/381/314 
f 303/357/303 316/372/316 315/371/315 
f 321/382/321 337/400/337 322/383/322 
f 325/386/325 333/396/333 326/387/326 
f 328/389/328 332/393/332 329/390/329 
f 328/389/328 326/394/326 331/392/331 
f 326/394/326 328/389/328 330/391/330 
f 331/392/331 333/396/333 334/397/334 
f 334/397/334 335/398/335 329/390/329 
f 334/397/334 333/396/333 325/386/325 
f 336/399/336 339/402/339 337/400/337 
f 322/383/322 341/404/341 340/403/340 
f 341/404/341 322/383/322 339/402/339 
f 336/399/336 343/406/343 342/405/342 
f 343/406/343 336/399/336 338/401/338 
f 343/406/343 344/407/344 345/408/345 
f 344/407/344 362/429/362 347/410/347 
f 345/408/345 347/410/347 348/411/348 
f 347/413/347 362/431/362 350/414/350 
f 347/413/347 351/415/351 352/416/352 
f 353/418/353 355/420/355 352/416/352 
f 355/420/355 353/418/353 335/398/335 
f 353/418/353 356/421/356 329/390/329 
f 330/391/330 329/390/329 356/421/356 
f 330/391/330 357/422/357 358/423/358 
f 355/420/355 325/386/325 327/388/327 
f 358/424/358 348/417/348 352/416/352 
f 358/423/358 357/422/357 349/412/349 
f 346/409/346 345/408/345 349/412/349 
f 342/405/342 343/406/343 346/409/346 
f 342/405/342 360/426/360 351/415/351 
f 342/405/342 350/414/350 340/403/340 
f 340/403/340 361/430/361 324/428/324 
f 361/427/361 338/401/338 337/400/337 
f 338/401/338 361/427/361 362/429/362 
f 361/430/361 340/403/340 350/414/350 
f 351/415/351 360/426/360 354/419/354 
f 360/426/360 346/409/346 359/425/359 
f 354/419/354 359/425/359 356/421/356 
f 359/425/359 349/412/349 357/422/357 
f 363/432/363 387/460/387 364/433/364 
f 366/435/366 370/439/370 367/436/367 
f 366/435/366 372/441/372 369/438/369 
f 371/440/371 374/445/374 369/438/369 
f 373/444/373 367/443/367 374/445/374 
f 366/446/366 368/442/368 373/444/373 
f 365/434/365 376/449/376 375/447/375 
f 376/449/376 365/434/365 364/433/364 
f 378/451/378 377/450/377 379/452/379 
f 381/454/381 385/1817/385 382/455/382 
f 374/445/374 381/454/381 384/457/384 
f 367/443/367 385/1817/385 381/454/381 
f 380/453/380 382/462/382 385/458/385 
f 384/457/384 378/451/378 380/453/380 
f 376/449/376 377/450/377 378/451/378 
f 387/460/387 363/432/363 375/461/375 
f 377/450/377 364/433/364 387/460/387 
f 380/453/380 379/452/379 375/461/375 
f 375/447/375 376/449/376 383/456/383 
f 383/456/383 378/451/378 384/457/384 
f 369/438/369 384/457/384 386/459/386 
f 386/459/386 385/458/385 367/436/367 
f 388/463/388 413/490/413 389/464/389 
f 388/463/388 390/465/390 391/466/391 
f 393/468/393 1548/1818/1548 394/469/394 
f 393/471/393 395/504/395 396/472/396 
f 397/474/397 401/478/401 398/475/398 
f 400/477/400 425/506/425 398/475/398 
f 405/482/405 424/502/424 406/483/406 
f 408/485/408 410/487/410 388/463/388 
f 408/485/408 392/467/392 411/488/411 
f 410/487/410 422/500/422 413/490/413 
f 413/490/413 422/500/422 414/491/414 
f 389/464/389 413/490/413 415/492/415 
f 415/492/415 424/1819/424 405/494/405 
f 416/493/416 405/494/405 407/484/407 
f 416/493/416 417/495/417 390/465/390 
f 418/496/418 417/495/417 407/484/407 
f 417/495/417 418/496/418 391/466/391 
f 392/467/392 391/466/391 418/496/418 
f 411/488/411 418/496/418 404/481/404 
f 403/480/403 394/469/394 412/489/412 
f 394/469/394 1548/1818/1548 419/497/419 
f 419/497/419 1548/1818/1548 399/476/399 
f 409/486/409 419/497/419 420/498/420 
f 419/497/419 409/486/409 408/485/408 
f 421/499/421 422/500/422 410/487/410 
f 421/499/421 400/477/400 414/491/414 
f 414/491/414 400/477/400 401/478/401 
f 423/501/423 424/1819/424 415/492/415 
f 424/502/424 423/505/423 396/472/396 
f 402/503/402 406/483/406 396/472/396 
f 395/470/395 394/469/394 403/480/403 
f 423/505/423 401/1820/401 397/473/397 
f 421/499/421 420/498/420 425/506/425 
f 420/498/420 399/476/399 398/475/398 
f 399/476/399 1548/1818/1548 393/468/393 
f 404/481/404 407/484/407 406/483/406 
f 426/507/426 464/551/464 427/508/427 
f 432/513/432 440/521/440 433/514/433 
f 427/508/427 431/512/431 430/511/430 
f 435/516/435 430/511/430 429/510/429 
f 436/517/436 465/552/465 426/507/426 
f 437/518/437 440/521/440 438/519/438 
f 437/518/437 442/523/442 433/514/433 
f 437/518/437 439/520/439 441/522/441 
f 441/522/441 439/520/439 443/524/443 
f 442/523/442 441/522/441 434/515/434 
f 445/526/445 434/515/434 441/522/441 
f 432/513/432 434/515/434 445/526/445 
f 446/527/446 447/536/447 438/528/438 
f 439/520/439 438/519/438 447/530/447 
f 443/524/443 447/530/447 448/531/448 
f 443/524/443 449/532/449 450/533/450 
f 444/525/444 450/533/450 451/534/451 
f 445/526/445 451/534/451 452/535/452 
f 452/535/452 448/541/448 447/536/447 
f 448/531/448 457/1821/457 453/537/453 
f 454/538/454 450/533/450 449/532/449 
f 451/534/451 450/533/450 454/538/454 
f 452/535/452 451/534/451 455/539/455 
f 448/541/448 452/535/452 456/540/456 
f 458/543/458 457/542/457 456/540/456 
f 453/537/453 457/1821/457 458/545/458 
f 454/538/454 453/537/453 460/546/460 
f 455/539/455 454/538/454 461/547/461 
f 455/539/455 462/548/462 459/544/459 
f 458/543/458 459/544/459 463/549/463 
f 460/546/460 458/545/458 464/551/464 
f 460/546/460 426/507/426 465/552/465 
f 461/547/461 465/552/465 466/553/466 
f 459/544/459 462/548/462 466/553/466 
f 429/510/429 431/512/431 463/549/463 
f 463/549/463 431/512/431 427/554/427 
f 436/517/436 429/510/429 466/553/466 
f 472/560/472 473/561/473 470/558/470 
f 473/561/473 476/564/476 474/562/474 
f 472/560/472 611/699/611 476/564/476 
f 479/567/479 485/573/485 478/566/478 
f 474/562/474 476/564/476 480/568/480 
f 481/569/481 613/701/613 482/570/482 
f 484/572/484 597/685/597 485/573/485 
f 479/567/479 480/568/480 486/574/486 
f 487/575/487 602/690/602 488/576/488 
f 482/570/482 492/580/492 489/577/489 
f 489/577/489 508/596/508 490/578/490 
f 491/579/491 508/596/508 489/577/489 
f 493/581/493 599/687/599 494/582/494 
f 496/584/496 501/589/501 497/585/497 
f 496/584/496 498/586/498 499/587/499 
f 484/572/484 497/585/497 501/589/501 
f 500/588/500 505/593/505 501/589/501 
f 500/588/500 499/587/499 504/592/504 
f 506/594/506 502/590/502 503/591/503 
f 508/596/508 491/579/491 509/597/509 
f 508/596/508 512/600/512 511/599/511 
f 510/598/510 532/620/532 512/600/512 
f 503/591/503 501/589/501 505/593/505 
f 505/593/505 504/592/504 514/602/514 
f 514/602/514 504/592/504 515/603/515 
f 514/602/514 516/604/516 517/605/517 
f 518/606/518 522/610/522 519/607/519 
f 518/606/518 511/599/511 512/600/512 
f 518/606/518 520/608/520 521/609/521 
f 524/612/524 590/678/590 523/611/523 
f 525/613/525 515/603/515 526/614/526 
f 528/616/528 539/627/539 525/613/525 
f 527/615/527 526/614/526 521/609/521 
f 529/617/529 531/619/531 530/618/530 
f 517/605/517 537/625/537 531/619/531 
f 525/613/525 539/627/539 516/604/516 
f 532/620/532 549/637/549 533/621/533 
f 533/621/533 586/674/586 520/608/520 
f 534/622/534 594/682/594 535/623/535 
f 537/625/537 541/629/541 538/626/538 
f 517/605/517 516/604/516 539/627/539 
f 540/628/540 547/635/547 541/629/541 
f 539/627/539 528/616/528 542/630/542 
f 542/630/542 546/634/546 540/628/540 
f 538/626/538 545/633/545 530/618/530 
f 538/626/538 541/629/541 544/632/544 
f 546/634/546 581/669/581 547/635/547 
f 548/636/548 553/641/553 533/621/533 
f 548/636/548 549/637/549 550/638/550 
f 548/636/548 551/639/551 552/640/552 
f 554/642/554 558/646/558 551/639/551 
f 552/640/552 551/639/551 558/646/558 
f 547/635/547 561/649/561 544/632/544 
f 545/633/545 544/632/544 560/648/560 
f 560/648/560 561/649/561 565/653/565 
f 565/653/565 561/649/561 566/654/566 
f 568/656/568 577/665/577 569/657/569 
f 568/656/568 570/658/570 556/644/556 
f 570/658/570 569/657/569 554/642/554 
f 570/658/570 571/659/571 572/660/572 
f 556/644/556 536/624/536 543/631/543 
f 572/660/572 573/661/573 534/622/534 
f 534/622/534 573/661/573 510/598/510 
f 573/661/573 574/662/574 532/620/532 
f 573/661/573 572/660/572 571/659/571 
f 550/638/550 574/662/574 571/659/571 
f 574/662/574 550/638/550 549/637/549 
f 558/646/558 554/642/554 569/657/569 
f 558/646/558 575/663/575 576/664/576 
f 575/663/575 569/657/569 577/665/577 
f 575/663/575 578/666/578 579/667/579 
f 579/667/579 583/671/583 580/668/580 
f 580/668/580 566/654/566 581/669/581 
f 576/664/576 580/668/580 582/670/582 
f 583/671/583 567/655/567 566/654/566 
f 582/670/582 581/669/581 546/634/546 
f 559/647/559 582/670/582 584/672/584 
f 546/634/546 542/630/542 585/673/585 
f 584/672/584 585/673/585 553/641/553 
f 542/630/542 528/616/528 586/674/586 
f 585/673/585 586/674/586 533/621/533 
f 561/649/561 547/635/547 581/669/581 
f 587/675/587 530/618/530 545/633/545 
f 587/675/587 590/678/590 524/612/524 
f 589/677/589 591/679/591 523/611/523 
f 590/678/590 587/675/587 588/676/588 
f 523/611/523 591/679/591 494/582/494 
f 509/597/509 491/579/491 593/681/593 
f 593/681/593 491/579/491 492/580/492 
f 586/674/586 528/616/528 521/609/521 
f 596/684/596 485/573/485 597/685/597 
f 598/686/598 597/685/597 599/687/599 
f 596/684/596 600/688/600 478/566/478 
f 475/563/475 474/562/474 478/566/478 
f 601/689/601 488/576/488 602/690/602 
f 601/689/601 483/571/483 482/570/482 
f 604/692/604 605/693/605 469/557/469 
f 603/691/603 602/690/602 605/693/605 
f 469/557/469 606/694/606 471/559/471 
f 605/693/605 607/695/607 606/694/606 
f 607/695/607 609/697/609 608/696/608 
f 607/695/607 605/693/605 602/690/602 
f 487/575/487 490/578/490 609/697/609 
f 608/696/608 472/560/472 471/559/471 
f 519/607/519 612/700/612 608/696/608 
f 490/578/490 511/599/511 519/607/519 
f 610/698/610 486/574/486 611/699/611 
f 608/696/608 612/700/612 611/699/611 
f 612/700/612 519/607/519 522/610/522 
f 526/614/526 610/698/610 522/610/522 
f 515/603/515 504/592/504 499/587/499 
f 507/595/507 503/591/503 513/601/513 
f 517/605/517 529/617/529 524/612/524 
f 506/594/506 494/582/494 599/687/599 
f 502/590/502 599/687/599 597/685/597 
f 486/574/486 480/568/480 476/564/476 
f 526/614/526 499/587/499 498/586/498 
f 484/572/484 610/698/610 498/586/498 
f 595/683/595 492/580/492 482/570/482 
f 616/704/616 615/703/615 617/705/617 
f 619/707/619 679/778/679 614/702/614 
f 620/708/620 623/711/623 621/709/621 
f 623/711/623 620/708/620 624/712/624 
f 625/713/625 653/744/653 621/709/621 
f 626/714/626 633/807/633 627/715/627 
f 629/717/629 632/720/632 630/718/630 
f 631/719/631 634/722/634 632/720/632 
f 631/719/631 627/723/627 633/721/633 
f 635/724/635 638/729/638 636/725/636 
f 635/727/635 637/750/637 624/712/624 
f 620/728/620 622/710/622 638/729/638 
f 639/730/639 670/767/670 640/731/640 
f 642/733/642 675/774/675 643/734/643 
f 641/732/641 643/734/643 644/735/644 
f 641/732/641 640/731/640 645/736/645 
f 642/733/642 641/732/641 646/737/646 
f 646/737/646 645/736/645 648/739/648 
f 645/736/645 671/768/671 650/741/650 
f 621/709/621 653/744/653 652/743/652 
f 622/710/622 652/743/652 651/742/651 
f 653/744/653 660/753/660 654/745/654 
f 652/743/652 654/745/654 655/746/655 
f 651/742/651 655/746/655 656/747/656 
f 637/726/637 636/725/636 656/747/656 
f 657/749/657 658/751/658 624/712/624 
f 658/751/658 659/752/659 625/713/625 
f 659/752/659 660/753/660 653/744/653 
f 660/753/660 659/752/659 661/754/661 
f 654/745/654 660/753/660 662/755/662 
f 663/756/663 664/757/664 655/746/655 
f 656/747/656 655/746/655 664/757/664 
f 656/747/656 665/758/665 666/759/666 
f 666/760/666 667/761/667 658/751/658 
f 667/761/667 661/754/661 659/752/659 
f 644/735/644 662/755/662 661/754/661 
f 662/755/662 644/735/644 668/762/668 
f 663/756/663 668/762/668 669/763/669 
f 665/758/665 664/757/664 669/763/669 
f 666/759/666 665/758/665 648/764/648 
f 650/766/650 670/767/670 667/761/667 
f 670/767/670 639/730/639 661/754/661 
f 671/768/671 640/731/640 670/767/670 
f 669/763/669 677/776/677 649/769/649 
f 649/769/649 677/776/677 672/770/672 
f 646/737/646 649/740/649 673/772/673 
f 642/733/642 647/738/647 674/773/674 
f 615/703/615 675/774/675 642/733/642 
f 675/774/675 678/777/678 676/775/676 
f 668/762/668 644/735/644 643/734/643 
f 677/776/677 676/775/676 678/777/678 
f 676/775/676 677/776/677 669/763/669 
f 678/777/678 614/702/614 679/778/679 
f 672/770/672 679/778/679 680/779/680 
f 673/772/673 680/1822/680 674/773/674 
f 674/773/674 680/1822/680 681/780/681 
f 682/781/682 618/706/618 617/705/617 
f 683/782/683 618/706/618 682/781/682 
f 683/782/683 690/790/690 616/704/616 
f 616/704/616 690/790/690 685/784/685 
f 685/784/685 686/793/686 681/785/681 
f 680/779/680 679/778/679 619/707/619 
f 682/781/682 681/780/681 686/786/686 
f 684/783/684 686/786/686 687/787/687 
f 683/782/683 684/783/684 688/788/688 
f 689/789/689 696/798/696 690/790/690 
f 690/790/690 696/798/696 691/791/691 
f 685/784/685 691/791/691 687/792/687 
f 688/788/688 687/787/687 692/794/692 
f 689/789/689 688/788/688 693/795/693 
f 689/789/689 694/796/694 695/797/695 
f 695/797/695 697/799/697 691/791/691 
f 687/792/687 691/791/691 697/799/697 
f 693/795/693 692/794/692 698/801/698 
f 693/795/693 699/802/699 700/803/700 
f 695/797/695 694/796/694 700/803/700 
f 695/797/695 701/804/701 702/805/702 
f 692/800/692 697/799/697 702/805/702 
f 634/722/634 633/721/633 698/806/698 
f 626/714/626 699/802/699 698/801/698 
f 630/718/630 700/803/700 699/802/699 
f 701/804/701 700/803/700 630/718/630 
f 701/804/701 632/720/632 634/722/634 
f 678/777/678 675/774/675 615/703/615 
f 703/808/703 745/1823/745 704/809/704 
f 706/811/706 745/1823/745 703/808/703 
f 705/810/705 752/862/752 707/812/707 
f 708/813/708 712/817/712 709/814/709 
f 713/821/713 717/823/717 716/822/716 
f 717/823/717 713/821/713 718/824/718 
f 713/818/713 715/820/715 720/826/720 
f 721/828/721 792/906/792 722/829/722 
f 724/831/724 721/828/721 723/830/723 
f 723/830/723 722/829/722 726/833/726 
f 730/837/730 766/877/766 731/838/731 
f 733/840/733 763/874/763 734/841/734 
f 736/843/736 733/840/733 735/842/735 
f 715/820/715 712/817/712 711/816/711 
f 715/820/715 714/819/714 716/822/716 
f 728/845/728 740/848/740 738/846/738 
f 739/847/739 780/892/780 740/848/740 
f 740/848/740 780/892/780 741/849/741 
f 742/850/742 770/881/770 719/825/719 
f 718/827/718 744/853/744 743/851/743 
f 745/854/745 748/858/748 746/855/746 
f 745/854/745 706/865/706 747/857/747 
f 748/858/748 757/868/757 749/859/749 
f 746/855/746 749/859/749 750/860/750 
f 752/862/752 768/879/768 753/863/753 
f 754/864/754 706/811/706 707/812/707 
f 706/865/706 754/883/754 755/866/755 
f 755/866/755 759/870/759 756/867/756 
f 756/867/756 758/869/758 737/844/737 
f 747/857/747 756/867/756 757/868/757 
f 757/868/757 737/844/737 731/838/731 
f 758/869/758 756/867/756 759/870/759 
f 736/843/736 758/869/758 760/871/760 
f 758/869/758 736/843/736 732/839/732 
f 761/872/761 776/888/776 733/840/733 
f 733/840/733 776/888/776 762/873/762 
f 734/841/734 763/874/763 764/875/764 
f 749/859/749 731/838/731 766/877/766 
f 767/878/767 764/875/764 763/874/763 
f 752/862/752 764/875/764 767/878/767 
f 752/862/752 705/810/705 765/876/765 
f 768/879/768 767/878/767 769/880/769 
f 768/879/768 719/825/719 770/881/770 
f 771/882/771 754/864/754 753/863/753 
f 754/883/754 771/898/771 772/884/772 
f 772/884/772 773/885/773 759/870/759 
f 760/871/760 759/870/759 773/885/773 
f 761/872/761 760/871/760 774/886/774 
f 775/887/775 710/815/710 776/888/776 
f 776/888/776 710/815/710 709/814/709 
f 762/873/762 709/814/709 769/880/769 
f 716/822/716 769/880/769 709/814/709 
f 769/880/769 716/822/716 717/823/717 
f 777/889/777 708/813/708 710/815/710 
f 777/889/777 789/903/789 778/890/778 
f 778/890/778 779/891/779 711/816/711 
f 779/891/779 744/853/744 720/826/720 
f 744/853/744 779/891/779 726/833/726 
f 744/853/744 741/849/741 780/892/780 
f 781/893/781 782/1824/782 742/852/742 
f 782/894/782 771/882/771 770/881/770 
f 782/895/782 781/911/781 783/896/783 
f 771/898/771 782/895/782 784/897/784 
f 785/899/785 784/897/784 783/896/783 
f 773/885/773 772/884/772 784/897/784 
f 785/899/785 786/900/786 787/901/787 
f 785/899/785 788/902/788 774/886/774 
f 788/902/788 787/901/787 789/903/789 
f 788/902/788 777/889/777 775/887/775 
f 787/901/787 794/908/794 724/831/724 
f 789/903/789 724/831/724 725/832/725 
f 725/832/725 726/833/726 779/891/779 
f 724/831/724 794/908/794 790/904/790 
f 721/828/721 790/904/790 791/905/791 
f 791/905/791 727/834/727 729/836/729 
f 792/906/792 729/836/729 738/846/738 
f 741/849/741 726/833/726 722/829/722 
f 793/907/793 794/908/794 787/901/787 
f 795/909/795 791/905/791 790/904/790 
f 783/896/783 795/909/795 793/907/793 
f 739/910/739 728/835/728 727/834/727 
f 739/910/739 795/909/795 783/896/783 
f 781/893/781 743/851/743 780/892/780 
f 766/877/766 730/837/730 735/842/735 
f 766/877/766 734/841/734 765/876/765 
f 751/861/751 750/860/750 765/876/765 
f 796/912/796 819/938/819 797/913/797 
f 799/915/799 805/951/805 800/916/800 
f 802/918/802 799/920/799 801/917/801 
f 799/920/799 802/918/802 804/921/804 
f 806/923/806 826/948/826 807/924/807 
f 808/925/808 807/924/807 803/919/803 
f 806/923/806 808/925/808 801/917/801 
f 807/924/807 826/948/826 810/927/810 
f 811/928/811 820/942/820 812/929/812 
f 811/928/811 798/914/798 797/913/797 
f 802/931/802 803/919/803 810/927/810 
f 814/933/814 821/953/821 815/934/815 
f 797/913/797 819/938/819 818/937/818 
f 819/938/819 796/912/796 817/939/817 
f 814/941/814 817/939/817 809/926/809 
f 814/941/814 812/929/812 820/942/820 
f 820/942/820 823/945/823 822/944/822 
f 806/923/806 800/916/800 823/945/823 
f 806/923/806 824/946/824 825/947/825 
f 826/948/826 825/947/825 827/949/827 
f 804/932/804 810/927/810 827/949/827 
f 805/951/805 822/944/822 823/945/823 
f 828/952/828 815/934/815 821/953/821 
f 828/950/828 827/949/827 818/937/818 
f 815/955/815 818/937/818 819/938/819 
f 827/949/827 825/947/825 813/930/813 
f 811/928/811 813/930/813 825/947/825 
f 811/928/811 824/946/824 823/945/823 
f 805/922/805 804/921/804 828/952/828 
f 832/959/832 837/964/837 831/958/831 
f 830/957/830 829/956/829 833/960/833 
f 830/957/830 834/961/834 835/962/835 
f 836/963/836 831/958/831 837/964/837 
f 839/966/839 853/980/853 840/967/840 
f 839/966/839 841/968/841 842/969/842 
f 843/970/843 860/988/860 844/971/844 
f 846/973/846 859/1000/859 847/974/847 
f 845/972/845 866/999/866 849/976/849 
f 834/961/834 833/960/833 852/979/852 
f 838/965/838 856/983/856 854/981/854 
f 837/964/837 832/959/832 856/983/856 
f 838/965/838 855/982/855 857/984/857 
f 836/963/836 857/984/857 858/985/858 
f 831/958/831 858/985/858 851/978/851 
f 859/986/859 846/987/846 851/978/851 
f 846/987/846 848/975/848 833/960/833 
f 848/975/848 847/974/847 844/971/844 
f 860/988/860 862/990/862 852/979/852 
f 853/980/853 852/979/852 862/991/862 
f 840/967/840 862/991/862 861/992/861 
f 864/994/864 842/969/842 841/968/841 
f 864/994/864 854/981/854 856/983/856 
f 864/994/864 867/1002/867 850/995/850 
f 854/981/854 850/995/850 849/996/849 
f 855/982/855 849/996/849 865/997/865 
f 865/997/865 859/986/859 858/985/858 
f 859/1000/859 865/998/865 866/999/866 
f 845/972/845 844/971/844 847/974/847 
f 845/972/845 850/977/850 867/1001/867 
f 843/970/843 867/1001/867 861/989/861 
f 863/993/863 861/992/861 867/1002/867 
f 832/959/832 835/962/835 842/969/842 
f 834/961/834 853/980/853 839/966/839 
f 868/1003/868 872/1007/872 869/1004/869 
f 877/1012/877 879/1014/879 880/1015/880 
f 880/1015/880 883/1018/883 882/1017/882 
f 883/1018/883 880/1015/880 879/1014/879 
f 885/1020/885 907/1049/907 886/1021/886 
f 888/1023/888 890/1025/890 891/1026/891 
f 894/1029/894 898/1034/898 895/1030/895 
f 896/1031/896 886/1825/886 897/1032/897 
f 869/1004/869 899/1037/899 898/1035/898 
f 899/1037/899 869/1004/869 872/1007/872 
f 900/1038/900 878/1013/878 901/1039/901 
f 900/1038/900 872/1007/872 871/1006/871 
f 884/1019/884 879/1014/879 878/1013/878 
f 902/1040/902 883/1018/883 884/1019/884 
f 903/1041/903 882/1017/882 883/1018/883 
f 881/1016/881 882/1017/882 904/1042/904 
f 893/1028/893 891/1026/891 905/1043/905 
f 891/1026/891 890/1025/890 906/1044/906 
f 881/1016/881 905/1043/905 906/1044/906 
f 890/1025/890 889/1024/889 901/1039/901 
f 906/1044/906 901/1039/901 878/1013/878 
f 899/1037/899 901/1039/901 889/1024/889 
f 888/1045/888 895/1030/895 898/1034/898 
f 895/1030/895 888/1045/888 892/1047/892 
f 887/1048/887 886/1825/886 896/1031/896 
f 897/1032/897 886/1021/886 907/1049/907 
f 874/1009/874 897/1032/897 908/1050/908 
f 894/1029/894 897/1032/897 874/1009/874 
f 870/1005/870 869/1004/869 876/1011/876 
f 875/1010/875 908/1050/908 909/1051/909 
f 908/1050/908 907/1049/907 885/1020/885 
f 903/1041/903 902/1040/902 873/1008/873 
f 868/1003/868 870/1005/870 902/1040/902 
f 885/1020/885 893/1028/893 904/1042/904 
f 893/1028/893 885/1020/885 887/1022/887 
f 909/1051/909 904/1042/904 882/1017/882 
f 910/1052/910 914/1826/914 911/1053/911 
f 911/1053/911 914/1057/914 915/1058/915 
f 913/1056/913 910/1055/910 921/1065/921 
f 917/1066/917 925/1073/925 922/1067/922 
f 920/1063/920 918/1064/918 922/1067/922 
f 920/1063/920 923/1068/923 924/1069/924 
f 917/1060/917 919/1062/919 924/1069/924 
f 925/1070/925 924/1069/924 926/1071/926 
f 925/1073/925 927/1827/927 928/1074/928 
f 923/1068/923 922/1067/922 928/1074/928 
f 924/1069/924 923/1068/923 929/1075/929 
f 930/1076/930 926/1071/926 929/1075/929 
f 926/1071/926 930/1076/930 932/1078/932 
f 928/1074/928 927/1827/927 932/1079/932 
f 928/1074/928 933/1080/933 931/1077/931 
f 931/1077/931 916/1059/916 915/1058/915 
f 932/1078/932 930/1076/930 915/1058/915 
f 932/1079/932 921/1082/921 934/1081/934 
f 933/1080/933 934/1081/934 916/1059/916 
f 912/1054/912 934/1081/934 921/1082/921 
f 912/1054/912 911/1053/911 916/1059/916 
f 935/1083/935 937/1085/937 938/1086/938 
f 940/1088/940 971/1124/971 941/1089/941 
f 942/1090/942 941/1089/941 943/1091/943 
f 945/1093/945 948/1096/948 946/1094/946 
f 948/1096/948 951/1099/951 949/1097/949 
f 948/1096/948 945/1093/945 950/1098/950 
f 952/1100/952 944/1103/944 943/1101/943 
f 946/1094/946 949/1097/949 944/1103/944 
f 952/1100/952 953/1102/953 947/1095/947 
f 954/1104/954 970/1121/970 955/1105/955 
f 962/1112/962 964/1115/964 963/1113/963 
f 964/1115/964 962/1112/962 938/1086/938 
f 964/1115/964 966/1117/966 965/1116/965 
f 966/1117/966 964/1115/964 937/1085/937 
f 936/1084/936 968/1119/968 967/1118/967 
f 968/1119/968 936/1084/936 935/1083/935 
f 969/1120/969 950/1098/950 945/1093/945 
f 950/1098/950 969/1120/969 970/1121/970 
f 935/1083/935 939/1087/939 970/1121/970 
f 939/1087/939 961/1111/961 955/1105/955 
f 955/1105/955 972/1130/972 971/1122/971 
f 972/1123/972 973/1125/973 941/1089/941 
f 973/1125/973 974/1128/974 943/1091/943 
f 974/1126/974 975/1127/975 953/1102/953 
f 975/1127/975 967/1118/967 947/1095/947 
f 947/1095/947 967/1118/967 968/1119/968 
f 966/1117/966 967/1118/967 975/1127/975 
f 974/1126/974 960/1133/960 965/1116/965 
f 958/1108/958 960/1110/960 974/1128/974 
f 973/1125/973 972/1123/972 976/1129/976 
f 972/1130/972 955/1105/955 961/1111/961 
f 962/1112/962 976/1129/976 961/1111/961 
f 962/1112/962 959/1109/959 958/1108/958 
f 956/1106/956 971/1122/971 940/1131/940 
f 951/1099/951 957/1107/957 940/1131/940 
f 951/1099/951 950/1098/950 954/1104/954 
f 942/1132/942 944/1103/944 949/1097/949 
f 960/1133/960 959/1114/959 963/1113/963 
f 980/1137/980 1020/1181/1020 979/1136/979 
f 981/1138/981 1022/1183/1022 982/1139/982 
f 987/1144/987 984/1141/984 986/1143/986 
f 989/1146/989 992/1149/992 990/1147/990 
f 993/1150/993 992/1149/992 989/1151/989 
f 994/1153/994 989/1146/989 991/1148/991 
f 991/1148/991 990/1147/990 996/1155/996 
f 995/1154/995 996/1155/996 997/1156/997 
f 996/1155/996 990/1147/990 984/1141/984 
f 987/1144/987 999/1158/999 997/1156/997 
f 999/1158/999 1031/1195/1031 1000/1159/1000 
f 1000/1159/1000 1031/1195/1031 1002/1161/1002 
f 1003/1162/1003 1006/1165/1006 1004/1163/1004 
f 1003/1162/1003 1032/1197/1032 1005/1164/1005 
f 1006/1165/1006 1005/1164/1005 1007/1166/1007 
f 1005/1168/1005 1033/1199/1033 1009/1169/1009 
f 1009/1169/1009 1011/1172/1011 1010/1171/1010 
f 1011/1172/1011 1009/1169/1009 1012/1173/1012 
f 1013/1174/1013 1016/1177/1016 983/1140/983 
f 1014/1175/1014 1013/1174/1013 1012/1173/1012 
f 1014/1175/1014 978/1135/978 1016/1177/1016 
f 980/1137/980 978/1135/978 1014/1175/1014 
f 980/1137/980 1017/1178/1017 1018/1179/1018 
f 1020/1181/1020 980/1137/980 1019/1180/1019 
f 1023/1185/1023 1021/1182/1021 1019/1180/1019 
f 977/1134/977 979/1136/979 1021/1182/1021 
f 1023/1184/1023 1022/1183/1022 1024/1187/1024 
f 978/1135/978 977/1134/977 1024/1187/1024 
f 981/1138/981 983/1140/983 1016/1177/1016 
f 983/1140/983 982/1139/982 1010/1171/1010 
f 1018/1179/1018 1008/1167/1008 1007/1166/1007 
f 1025/1189/1025 1008/1167/1008 1018/1179/1018 
f 1008/1167/1008 1025/1189/1025 1004/1163/1004 
f 1004/1163/1004 1025/1189/1025 1015/1176/1015 
f 1026/1190/1026 1001/1160/1001 1000/1159/1000 
f 1001/1160/1001 1026/1190/1026 1027/1191/1027 
f 1001/1160/1001 1028/1192/1028 997/1156/997 
f 1029/1193/1029 998/1157/998 997/1156/997 
f 1030/1194/1030 994/1153/994 995/1154/995 
f 994/1152/994 1030/1196/1030 1002/1161/1002 
f 988/1145/988 993/1150/993 1002/1161/1002 
f 993/1150/993 988/1145/988 986/1143/986 
f 988/1145/988 1031/1195/1031 999/1158/999 
f 1003/1162/1003 1002/1161/1002 1030/1196/1030 
f 1032/1198/1032 1030/1194/1030 998/1157/998 
f 1005/1168/1005 1032/1198/1032 1029/1193/1029 
f 1028/1192/1028 1027/1191/1027 1033/1199/1033 
f 1033/1199/1033 1027/1191/1027 1012/1173/1012 
f 1012/1173/1012 1027/1191/1027 1026/1190/1026 
f 1015/1176/1015 1025/1189/1025 1017/1178/1017 
f 1019/1180/1019 1018/1179/1018 1010/1188/1010 
f 985/1142/985 984/1141/984 990/1147/990 
f 1034/1200/1034 1036/1202/1036 1037/1203/1037 
f 1039/1205/1039 1071/1238/1071 1040/1206/1040 
f 1042/1208/1042 1045/1211/1045 1043/1209/1043 
f 1045/1211/1045 1042/1208/1042 1046/1212/1046 
f 1048/1214/1048 1059/1225/1059 1049/1215/1049 
f 1048/1214/1048 1051/1217/1051 1046/1212/1046 
f 1053/1219/1053 1043/1209/1043 1045/1211/1045 
f 1053/1219/1053 1057/1223/1057 1055/1221/1055 
f 1053/1219/1053 1054/1220/1054 1056/1222/1056 
f 1041/1207/1041 1040/1206/1040 1059/1225/1059 
f 1061/1227/1061 1064/1230/1064 1062/1228/1062 
f 1064/1230/1064 1061/1227/1061 1065/1231/1065 
f 1061/1227/1061 1063/1229/1063 1058/1224/1058 
f 1066/1232/1066 1056/1244/1056 1067/1233/1067 
f 1066/1234/1066 1073/1247/1073 1057/1223/1057 
f 1057/1223/1057 1073/1247/1073 1068/1235/1068 
f 1055/1221/1055 1068/1235/1068 1069/1236/1069 
f 1070/1237/1070 1044/1210/1044 1043/1209/1043 
f 1041/1207/1041 1060/1226/1060 1070/1237/1070 
f 1044/1210/1044 1070/1237/1070 1060/1226/1060 
f 1042/1208/1042 1044/1210/1044 1052/1218/1052 
f 1060/1226/1060 1059/1225/1059 1048/1214/1048 
f 1041/1207/1041 1069/1236/1069 1038/1204/1038 
f 1039/1205/1039 1038/1204/1038 1037/1203/1037 
f 1063/1229/1063 1071/1238/1071 1037/1203/1037 
f 1040/1206/1040 1071/1238/1071 1063/1229/1063 
f 1059/1225/1059 1040/1206/1040 1062/1239/1062 
f 1064/1230/1064 1067/1233/1067 1049/1240/1049 
f 1067/1233/1067 1072/1242/1072 1050/1241/1050 
f 1072/1242/1072 1047/1828/1047 1051/1243/1051 
f 1072/1242/1072 1067/1233/1067 1056/1244/1056 
f 1045/1211/1045 1047/1213/1047 1072/1246/1072 
f 1068/1235/1068 1034/1200/1034 1038/1204/1038 
f 1073/1247/1073 1035/1201/1035 1034/1200/1034 
f 1073/1247/1073 1066/1234/1066 1065/1248/1065 
f 1035/1201/1035 1065/1248/1065 1058/1224/1058 
f 1076/1251/1076 1104/1282/1104 1077/1252/1077 
f 1081/1256/1081 1078/1253/1078 1082/1257/1082 
f 1084/1259/1084 1079/1254/1079 1081/1256/1081 
f 1085/1260/1085 1092/1286/1092 1086/1261/1086 
f 1084/1259/1084 1111/1292/1111 1080/1264/1080 
f 1089/1265/1089 1084/1259/1084 1083/1258/1083 
f 1090/1266/1090 1075/1250/1075 1074/1249/1074 
f 1090/1266/1090 1091/1267/1091 1092/1268/1092 
f 1090/1266/1090 1085/1269/1085 1088/1263/1088 
f 1082/1257/1082 1078/1253/1078 1093/1270/1093 
f 1080/1255/1080 1096/1273/1096 1093/1270/1093 
f 1095/1272/1095 1108/1288/1108 1093/1270/1093 
f 1095/1274/1095 1096/1293/1096 1097/1275/1097 
f 1098/1276/1098 1100/1278/1100 1099/1277/1099 
f 1100/1278/1100 1098/1276/1098 1101/1279/1101 
f 1102/1280/1102 1104/1282/1104 1103/1281/1103 
f 1102/1280/1102 1112/1294/1112 1077/1252/1077 
f 1077/1252/1077 1112/1294/1112 1105/1283/1105 
f 1091/1267/1091 1074/1249/1074 1077/1252/1077 
f 1091/1267/1091 1106/1284/1106 1107/1285/1107 
f 1092/1286/1092 1107/1287/1107 1103/1281/1103 
f 1086/1261/1086 1103/1281/1103 1104/1282/1104 
f 1087/1262/1087 1086/1261/1086 1076/1251/1076 
f 1107/1287/1107 1099/1277/1099 1100/1278/1100 
f 1108/1288/1108 1095/1272/1095 1099/1289/1099 
f 1094/1271/1094 1093/1270/1093 1108/1288/1108 
f 1089/1265/1089 1082/1257/1082 1094/1271/1094 
f 1111/1292/1111 1084/1259/1084 1089/1265/1089 
f 1096/1293/1096 1080/1264/1080 1111/1292/1111 
f 1098/1276/1098 1097/1275/1097 1110/1291/1110 
f 1101/1279/1101 1110/1291/1110 1094/1271/1094 
f 1102/1280/1102 1101/1279/1101 1109/1290/1109 
f 1112/1294/1112 1109/1290/1109 1108/1288/1108 
f 1107/1285/1107 1106/1284/1106 1105/1283/1105 
f 1113/1295/1113 1116/1298/1116 1114/1296/1114 
f 1116/1298/1116 1120/1302/1120 1117/1299/1117 
f 1118/1300/1118 1151/1336/1151 1119/1301/1119 
f 1119/1301/1119 1184/1382/1184 1120/1302/1120 
f 1121/1303/1121 1178/1368/1178 1122/1304/1122 
f 1124/1306/1124 1178/1368/1178 1121/1303/1121 
f 1121/1303/1121 1123/1305/1123 1126/1308/1126 
f 1127/1309/1127 1201/1399/1201 1128/1310/1128 
f 1122/1312/1122 1129/1311/1129 1128/1310/1128 
f 1130/1314/1130 1134/1318/1134 1131/1315/1131 
f 1131/1315/1131 1137/1321/1137 1135/1319/1135 
f 1131/1315/1131 1134/1318/1134 1136/1320/1136 
f 1138/1322/1138 1142/1326/1142 1139/1323/1139 
f 1141/1325/1141 1151/1336/1151 1142/1326/1142 
f 1138/1322/1138 1140/1829/1140 1143/1327/1143 
f 1130/1314/1130 1132/1830/1132 1144/1328/1144 
f 1146/1330/1146 1197/1395/1197 1148/1333/1148 
f 1141/1325/1141 1143/1327/1143 1149/1334/1149 
f 1150/1335/1150 1119/1301/1119 1151/1336/1151 
f 1144/1328/1144 1132/1830/1132 1135/1337/1135 
f 1144/1328/1144 1152/1338/1152 1153/1339/1153 
f 1154/1340/1154 1158/1345/1158 1155/1341/1155 
f 1157/1343/1157 1209/1409/1209 1155/1344/1155 
f 1159/1346/1159 1199/1397/1199 1126/1308/1126 
f 1123/1305/1123 1128/1831/1128 1160/1347/1160 
f 1159/1346/1159 1123/1305/1123 1161/1348/1161 
f 1151/1336/1151 1118/1300/1118 1139/1323/1139 
f 1163/1350/1163 1168/1356/1168 1164/1351/1164 
f 1149/1352/1149 1143/1411/1143 1165/1353/1165 
f 1165/1353/1165 1139/1323/1139 1118/1300/1118 
f 1166/1354/1166 1198/1396/1198 1167/1355/1167 
f 1168/1356/1168 1167/1355/1167 1169/1357/1169 
f 1169/1357/1169 1201/1399/1201 1127/1309/1127 
f 1171/1359/1171 1170/1361/1170 1172/1360/1172 
f 1170/1358/1170 1171/1376/1171 1164/1351/1164 
f 1170/1361/1170 1127/1832/1127 1173/1362/1173 
f 1173/1362/1173 1127/1832/1127 1129/1363/1129 
f 1174/1364/1174 1124/1306/1124 1125/1307/1125 
f 1174/1364/1174 1129/1363/1129 1175/1365/1175 
f 1124/1306/1124 1174/1364/1174 1176/1366/1176 
f 1178/1368/1178 1124/1306/1124 1177/1367/1177 
f 1179/1369/1179 1180/1370/1180 1122/1304/1122 
f 1179/1369/1179 1177/1367/1177 1136/1320/1136 
f 1180/1370/1180 1179/1369/1179 1153/1339/1153 
f 1180/1370/1180 1152/1338/1152 1135/1337/1135 
f 1180/1370/1180 1175/1371/1175 1129/1372/1129 
f 1175/1365/1175 1135/1319/1135 1137/1321/1137 
f 1177/1367/1177 1176/1366/1176 1137/1321/1137 
f 1125/1307/1125 1126/1308/1126 1181/1373/1181 
f 1115/1297/1115 1172/1360/1172 1181/1373/1181 
f 1115/1297/1115 1114/1296/1114 1182/1374/1182 
f 1171/1376/1171 1150/1833/1150 1149/1352/1149 
f 1183/1377/1183 1182/1374/1182 1114/1296/1114 
f 1183/1377/1183 1184/1379/1184 1119/1378/1119 
f 1184/1379/1184 1183/1377/1183 1185/1380/1185 
f 1184/1382/1184 1186/1834/1186 1187/1383/1187 
f 1117/1299/1117 1120/1302/1120 1187/1383/1187 
f 1183/1377/1183 1117/1299/1117 1188/1384/1188 
f 1189/1385/1189 1185/1380/1185 1188/1384/1188 
f 1186/1381/1186 1185/1380/1185 1189/1385/1189 
f 1187/1383/1187 1186/1834/1186 1191/1388/1191 
f 1188/1384/1188 1187/1383/1187 1192/1389/1192 
f 1189/1385/1189 1190/1386/1190 1193/1390/1193 
f 1191/1387/1191 1189/1385/1189 1194/1391/1194 
f 1192/1389/1192 1191/1388/1191 1195/1393/1195 
f 1190/1386/1190 1192/1389/1192 1196/1394/1196 
f 1197/1395/1197 1146/1330/1146 1193/1390/1193 
f 1145/1329/1145 1194/1391/1194 1193/1390/1193 
f 1145/1329/1145 1148/1332/1148 1195/1392/1195 
f 1195/1393/1195 1148/1333/1148 1197/1395/1197 
f 1166/1354/1166 1113/1295/1113 1181/1373/1181 
f 1181/1373/1181 1126/1308/1126 1199/1397/1199 
f 1198/1396/1198 1199/1397/1199 1200/1398/1200 
f 1169/1357/1169 1167/1355/1167 1200/1398/1200 
f 1199/1397/1199 1159/1346/1159 1202/1400/1202 
f 1200/1398/1200 1202/1400/1202 1128/1310/1128 
f 1159/1346/1159 1162/1349/1162 1203/1401/1203 
f 1128/1310/1128 1202/1400/1202 1203/1401/1203 
f 1203/1401/1203 1207/1407/1207 1204/1403/1204 
f 1161/1348/1161 1160/1347/1160 1204/1404/1204 
f 1161/1348/1161 1205/1405/1205 1206/1406/1206 
f 1162/1349/1162 1206/1406/1206 1207/1407/1207 
f 1205/1405/1205 1209/1409/1209 1208/1408/1208 
f 1207/1407/1207 1206/1406/1206 1208/1408/1208 
f 1204/1403/1204 1207/1407/1207 1156/1342/1156 
f 1204/1404/1204 1155/1344/1155 1209/1409/1209 
f 1208/1408/1208 1209/1409/1209 1157/1343/1157 
f 1154/1340/1154 1156/1342/1156 1208/1408/1208 
f 1136/1320/1136 1134/1318/1134 1133/1317/1133 
f 1163/1350/1163 1118/1300/1118 1116/1298/1116 
f 1168/1356/1168 1163/1350/1163 1113/1295/1113 
f 1139/1323/1139 1165/1353/1165 1143/1411/1143 
f 1158/1345/1158 1154/1340/1154 1210/1410/1210 
f 1211/1412/1211 1214/1415/1214 1212/1413/1212 
f 1216/1417/1216 1254/1460/1254 1217/1418/1217 
f 1219/1420/1219 1211/1412/1211 1216/1417/1216 
f 1220/1421/1220 1217/1418/1217 1221/1422/1221 
f 1222/1423/1222 1230/1431/1230 1223/1424/1223 
f 1224/1425/1224 1235/1436/1235 1225/1426/1225 
f 1226/1427/1226 1229/1430/1229 1227/1428/1227 
f 1226/1427/1226 1225/1426/1225 1228/1429/1228 
f 1223/1424/1223 1231/1432/1231 1232/1433/1232 
f 1234/1435/1234 1237/1438/1237 1235/1436/1235 
f 1237/1438/1237 1239/1440/1239 1225/1426/1225 
f 1237/1438/1237 1234/1435/1234 1238/1439/1238 
f 1238/1439/1238 1240/1441/1240 1241/1442/1241 
f 1243/1444/1243 1247/1448/1247 1244/1445/1244 
f 1243/1444/1243 1249/1835/1249 1246/1447/1246 
f 1248/1449/1248 1232/1433/1232 1231/1432/1231 
f 1248/1449/1248 1249/1450/1249 1243/1451/1243 
f 1250/1453/1250 1251/1454/1251 1232/1433/1232 
f 1251/1454/1251 1250/1453/1250 1228/1429/1228 
f 1252/1455/1252 1228/1429/1228 1225/1426/1225 
f 1239/1440/1239 1238/1439/1238 1242/1443/1242 
f 1251/1454/1251 1242/1443/1242 1233/1434/1233 
f 1220/1421/1220 1223/1424/1223 1233/1434/1233 
f 1253/1456/1253 1233/1434/1233 1242/1443/1242 
f 1220/1421/1220 1253/1456/1253 1218/1419/1218 
f 1241/1442/1241 1219/1420/1219 1218/1419/1218 
f 1221/1422/1221 1217/1836/1217 1254/1457/1254 
f 1246/1447/1246 1221/1422/1221 1255/1458/1255 
f 1222/1423/1222 1221/1422/1221 1246/1447/1246 
f 1246/1447/1246 1249/1450/1249 1231/1432/1231 
f 1211/1412/1211 1213/1414/1213 1254/1460/1254 
f 1213/1459/1213 1244/1445/1244 1247/1448/1247 
f 1244/1445/1244 1227/1463/1227 1229/1461/1229 
f 1244/1445/1244 1213/1459/1213 1212/1462/1212 
f 1224/1425/1224 1227/1428/1227 1212/1413/1212 
f 1215/1416/1215 1236/1437/1236 1235/1436/1235 
f 1236/1437/1236 1215/1416/1215 1214/1415/1214 
f 1236/1437/1236 1256/1464/1256 1240/1441/1240 
f 1256/1464/1256 1214/1415/1214 1211/1412/1211 
f 1219/1420/1219 1241/1442/1241 1240/1441/1240 
f 1250/1453/1250 1245/1452/1245 1229/1430/1229 
f 1260/1468/1260 1297/1510/1297 1259/1467/1259 
f 1258/1466/1258 1257/1465/1257 1261/1469/1261 
f 1262/1470/1262 1267/1475/1267 1263/1471/1263 
f 1262/1470/1262 1264/1472/1264 1265/1473/1265 
f 1266/1474/1266 1292/1505/1292 1267/1475/1267 
f 1268/1476/1268 1271/1479/1271 1269/1477/1269 
f 1271/1479/1271 1268/1476/1268 1272/1480/1272 
f 1274/1482/1274 1272/1480/1272 1268/1476/1268 
f 1263/1471/1263 1276/1484/1276 1274/1482/1274 
f 1276/1484/1276 1294/1507/1294 1272/1480/1272 
f 1277/1485/1277 1289/1501/1289 1278/1486/1278 
f 1279/1488/1279 1282/1498/1282 1280/1489/1280 
f 1279/1487/1279 1278/1486/1278 1281/1491/1281 
f 1257/1465/1257 1259/1467/1259 1283/1493/1283 
f 1285/1495/1285 1265/1473/1265 1264/1472/1264 
f 1265/1473/1265 1285/1495/1285 1286/1496/1286 
f 1282/1492/1282 1281/1491/1281 1286/1496/1286 
f 1284/1494/1284 1280/1489/1280 1282/1498/1282 
f 1277/1490/1277 1280/1489/1280 1283/1493/1283 
f 1289/1501/1289 1277/1485/1277 1288/1502/1288 
f 1291/1504/1291 1294/1507/1294 1267/1475/1267 
f 1291/1504/1291 1290/1503/1290 1293/1506/1293 
f 1294/1507/1294 1291/1504/1291 1273/1481/1273 
f 1273/1481/1273 1293/1506/1293 1295/1508/1295 
f 1293/1506/1293 1297/1511/1297 1260/1468/1260 
f 1295/1508/1295 1260/1468/1260 1261/1469/1261 
f 1271/1479/1271 1295/1508/1295 1296/1509/1296 
f 1296/1509/1296 1261/1469/1261 1287/1497/1287 
f 1261/1469/1261 1257/1465/1257 1284/1494/1284 
f 1288/1500/1288 1283/1493/1283 1259/1467/1259 
f 1290/1503/1290 1288/1502/1288 1297/1511/1297 
f 1286/1496/1286 1285/1495/1285 1269/1477/1269 
f 1275/1483/1275 1270/1478/1270 1269/1477/1269 
f 1263/1471/1263 1267/1475/1267 1294/1507/1294 
f 1292/1505/1292 1289/1501/1289 1290/1503/1290 
f 1281/1491/1281 1278/1486/1278 1266/1474/1266 
f 1289/1501/1289 1292/1505/1292 1266/1474/1266 
f 1298/1512/1298 1381/1612/1381 1299/1513/1299 
f 1301/1515/1301 1300/1514/1300 1299/1513/1299 
f 1303/1517/1303 1356/1582/1356 1304/1518/1304 
f 1305/1519/1305 1318/1539/1318 1306/1520/1306 
f 1305/1519/1305 1307/1521/1307 1308/1522/1308 
f 1309/1523/1309 1308/1522/1308 1314/1528/1314 
f 1317/1531/1317 1306/1837/1306 1318/1532/1318 
f 1315/1529/1315 1314/1528/1314 1317/1531/1317 
f 1316/1530/1316 1315/1529/1315 1319/1533/1319 
f 1320/1534/1320 1325/1544/1325 1321/1535/1321 
f 1323/1537/1323 1322/1536/1322 1321/1535/1321 
f 1309/1523/1309 1316/1530/1316 1318/1539/1318 
f 1320/1540/1320 1323/1537/1323 1324/1538/1324 
f 1298/1512/1298 1300/1514/1300 1304/1518/1304 
f 1300/1514/1300 1301/1515/1301 1324/1538/1324 
f 1300/1514/1300 1321/1535/1321 1325/1544/1325 
f 1329/1546/1329 1352/1574/1352 1330/1547/1330 
f 1331/1549/1331 1329/1551/1329 1303/1517/1303 
f 1331/1549/1331 1300/1514/1300 1328/1545/1328 
f 1334/1553/1334 1333/1838/1333 1331/1554/1331 
f 1334/1553/1334 1332/1555/1332 1302/1516/1302 
f 1335/1556/1335 1350/1572/1350 1336/1557/1336 
f 1337/1558/1337 1350/1572/1350 1335/1556/1335 
f 1339/1560/1339 1350/1572/1350 1337/1558/1337 
f 1341/1562/1341 1340/1561/1340 1337/1558/1337 
f 1341/1562/1341 1344/1565/1344 1343/1564/1343 
f 1344/1565/1344 1341/1562/1341 1345/1566/1345 
f 1346/1567/1346 1306/1837/1306 1317/1531/1317 
f 1307/1521/1307 1306/1520/1306 1346/1568/1346 
f 1307/1521/1307 1347/1569/1347 1348/1570/1348 
f 1308/1522/1308 1348/1570/1348 1343/1564/1343 
f 1314/1528/1314 1343/1564/1343 1344/1565/1344 
f 1343/1564/1343 1348/1570/1348 1339/1560/1339 
f 1349/1571/1349 1336/1557/1336 1350/1572/1350 
f 1351/1573/1351 1333/1838/1333 1334/1553/1334 
f 1352/1574/1352 1329/1546/1329 1333/1575/1333 
f 1352/1574/1352 1353/1576/1353 1338/1559/1338 
f 1354/1577/1354 1327/1543/1327 1330/1547/1330 
f 1327/1543/1327 1326/1542/1326 1355/1578/1355 
f 1330/1547/1330 1355/1578/1355 1356/1579/1356 
f 1357/1580/1357 1356/1579/1356 1355/1578/1355 
f 1356/1582/1356 1357/1588/1357 1359/1583/1359 
f 1359/1583/1359 1360/1584/1360 1326/1542/1326 
f 1360/1584/1360 1358/1581/1358 1355/1578/1355 
f 1358/1581/1358 1360/1584/1360 1361/1585/1361 
f 1357/1580/1357 1358/1581/1358 1362/1586/1362 
f 1357/1588/1357 1363/1595/1363 1364/1589/1364 
f 1359/1583/1359 1364/1589/1364 1361/1585/1361 
f 1365/1590/1365 1361/1585/1361 1364/1589/1364 
f 1361/1585/1361 1365/1590/1365 1367/1592/1367 
f 1363/1587/1363 1362/1586/1362 1367/1592/1367 
f 1368/1594/1368 1366/1591/1366 1364/1589/1364 
f 1365/1590/1365 1366/1591/1366 1369/1596/1369 
f 1365/1590/1365 1370/1597/1370 1371/1598/1371 
f 1368/1593/1368 1367/1592/1367 1371/1598/1371 
f 1372/1600/1372 1369/1596/1369 1366/1591/1366 
f 1369/1596/1369 1372/1600/1372 1373/1601/1373 
f 1369/1596/1369 1374/1602/1374 1375/1603/1375 
f 1375/1603/1375 1376/1604/1376 1371/1598/1371 
f 1372/1599/1372 1371/1598/1371 1376/1604/1376 
f 1377/1606/1377 1378/1611/1378 1373/1605/1373 
f 1374/1602/1374 1373/1601/1373 1378/1607/1378 
f 1374/1602/1374 1379/1608/1379 1380/1609/1380 
f 1380/1609/1380 1377/1606/1377 1376/1604/1376 
f 1377/1606/1377 1310/1524/1310 1312/1610/1312 
f 1377/1606/1377 1380/1609/1380 1313/1527/1313 
f 1313/1527/1313 1380/1609/1380 1379/1608/1379 
f 1379/1608/1379 1378/1607/1378 1312/1526/1312 
f 1327/1543/1327 1354/1577/1354 1381/1612/1381 
f 1335/1556/1335 1299/1513/1299 1381/1612/1381 
f 1302/1516/1302 1332/1555/1332 1328/1613/1328 
f 1301/1515/1301 1328/1613/1328 1325/1541/1325 
f 1337/1558/1337 1338/1559/1338 1353/1576/1353 
f 1342/1563/1342 1353/1576/1353 1333/1575/1333 
f 1341/1562/1341 1342/1563/1342 1351/1614/1351 
f 1345/1615/1345 1351/1573/1351 1336/1557/1336 
f 1347/1569/1347 1346/1568/1346 1345/1615/1345 
f 1348/1570/1348 1347/1569/1347 1349/1571/1349 
f 1385/1619/1385 1389/1623/1389 1386/1620/1386 
f 1390/1624/1390 1392/1626/1392 1393/1627/1393 
f 1395/1629/1395 1399/1633/1399 1396/1630/1396 
f 1395/1629/1395 1397/1631/1397 1398/1632/1398 
f 1395/1629/1395 1388/1622/1388 1385/1619/1385 
f 1393/1627/1393 1402/1636/1402 1400/1634/1400 
f 1393/1627/1393 1392/1626/1392 1401/1635/1401 
f 1403/1637/1403 1407/1641/1407 1404/1638/1404 
f 1403/1637/1403 1396/1630/1396 1406/1640/1406 
f 1405/1639/1405 1397/1631/1397 1396/1630/1396 
f 1383/1644/1383 1411/1839/1411 1410/1645/1410 
f 1411/1647/1411 1383/1617/1383 1382/1616/1382 
f 1412/1648/1412 1391/1625/1391 1390/1624/1390 
f 1410/1645/1410 1411/1839/1411 1390/1624/1390 
f 1382/1616/1382 1423/1659/1423 1413/1649/1413 
f 1413/1649/1413 1415/1651/1415 1391/1625/1391 
f 1413/1649/1413 1425/1663/1425 1414/1650/1414 
f 1401/1635/1401 1415/1651/1415 1414/1650/1414 
f 1415/1651/1415 1401/1635/1401 1392/1626/1392 
f 1402/1636/1402 1401/1635/1401 1416/1652/1416 
f 1417/1653/1417 1419/1655/1419 1400/1634/1400 
f 1418/1654/1418 1400/1634/1400 1419/1655/1419 
f 1400/1634/1400 1418/1654/1418 1410/1645/1410 
f 1418/1654/1418 1420/1656/1420 1421/1657/1421 
f 1410/1645/1410 1418/1654/1418 1422/1658/1422 
f 1384/1618/1384 1422/1661/1422 1423/1659/1423 
f 1424/1660/1424 1423/1659/1423 1422/1661/1422 
f 1423/1659/1423 1424/1660/1424 1425/1663/1425 
f 1424/1660/1424 1433/1671/1433 1426/1664/1426 
f 1425/1663/1425 1426/1664/1426 1427/1665/1427 
f 1416/1652/1416 1414/1650/1414 1427/1665/1427 
f 1417/1653/1417 1416/1652/1416 1428/1666/1428 
f 1419/1655/1419 1417/1653/1417 1429/1667/1429 
f 1430/1668/1430 1431/1669/1431 1420/1656/1420 
f 1421/1657/1421 1420/1656/1420 1431/1669/1431 
f 1421/1662/1421 1432/1840/1432 1433/1671/1433 
f 1433/1671/1433 1432/1840/1432 1434/1672/1434 
f 1433/1671/1433 1435/1673/1435 1436/1674/1436 
f 1426/1664/1426 1436/1674/1436 1437/1675/1437 
f 1427/1665/1427 1437/1675/1437 1438/1676/1438 
f 1429/1667/1429 1428/1666/1428 1438/1676/1438 
f 1430/1668/1430 1429/1667/1429 1439/1677/1439 
f 1440/1678/1440 1441/1679/1441 1431/1669/1431 
f 1441/1679/1441 1434/1687/1434 1432/1670/1432 
f 1435/1673/1435 1434/1672/1434 1442/1680/1442 
f 1435/1673/1435 1443/1681/1443 1444/1682/1444 
f 1436/1674/1436 1444/1682/1444 1445/1683/1445 
f 1437/1675/1437 1445/1683/1445 1446/1684/1446 
f 1439/1677/1439 1438/1676/1438 1446/1684/1446 
f 1440/1678/1440 1439/1677/1439 1447/1685/1447 
f 1448/1686/1448 1449/1688/1449 1441/1679/1441 
f 1434/1687/1434 1441/1679/1441 1449/1688/1449 
f 1442/1689/1442 1449/1688/1449 1450/1690/1450 
f 1404/1638/1404 1443/1681/1443 1442/1680/1442 
f 1404/1638/1404 1407/1641/1407 1444/1682/1444 
f 1407/1641/1407 1406/1640/1406 1445/1683/1445 
f 1406/1640/1406 1452/1693/1452 1446/1684/1446 
f 1447/1685/1447 1446/1684/1446 1452/1693/1452 
f 1448/1686/1448 1447/1685/1447 1387/1621/1387 
f 1386/1620/1386 1450/1690/1450 1449/1688/1449 
f 1409/1643/1409 1451/1691/1451 1450/1690/1450 
f 1451/1692/1451 1409/1841/1409 1405/1639/1405 
f 1405/1639/1405 1409/1841/1409 1398/1632/1398 
f 1450/1690/1450 1386/1620/1386 1389/1623/1389 
f 1387/1621/1387 1452/1693/1452 1399/1633/1399 
f 1399/1633/1399 1452/1693/1452 1406/1640/1406 
f 1398/1632/1398 1408/1642/1408 1389/1623/1389 
f 1453/1694/1453 1492/1741/1492 1454/1695/1454 
f 1455/1696/1455 1478/1724/1478 1456/1697/1456 
f 1460/1701/1460 1459/1700/1459 1453/1694/1453 
f 1460/1702/1460 1494/1743/1494 1461/1703/1461 
f 1463/1705/1463 1472/1716/1472 1464/1706/1464 
f 1465/1708/1465 1534/1791/1534 1466/1709/1466 
f 1465/1710/1465 1474/1718/1474 1467/1711/1467 
f 1463/1705/1463 1487/1735/1487 1469/1713/1469 
f 1470/1714/1470 1532/1786/1532 1471/1715/1471 
f 1471/1715/1471 1545/1803/1545 1472/1716/1472 
f 1473/1717/1473 1533/1787/1533 1474/1718/1474 
f 1464/1719/1464 1547/1842/1547 1473/1717/1473 
f 1475/1720/1475 1485/1733/1485 1476/1721/1476 
f 1457/1698/1457 1454/1695/1454 1456/1723/1456 
f 1479/1725/1479 1546/1804/1546 1480/1726/1480 
f 1481/1727/1481 1480/1726/1480 1482/1728/1482 
f 1483/1729/1483 1488/1736/1488 1479/1725/1479 
f 1462/1730/1462 1540/1797/1540 1484/1731/1484 
f 1466/1709/1466 1502/1752/1502 1487/1735/1487 
f 1488/1736/1488 1483/1729/1483 1482/1728/1482 
f 1489/1737/1489 1546/1804/1546 1479/1725/1479 
f 1490/1738/1490 1524/1775/1524 1486/1739/1486 
f 1491/1740/1491 1460/1702/1460 1492/1741/1492 
f 1484/1731/1484 1495/1745/1495 1459/1744/1459 
f 1495/1745/1495 1500/1750/1500 1496/1746/1496 
f 1495/1745/1495 1484/1731/1484 1497/1747/1497 
f 1495/1745/1495 1498/1748/1498 1499/1749/1499 
f 1499/1749/1499 1491/1740/1491 1493/1742/1493 
f 1502/1752/1502 1499/1749/1499 1501/1751/1501 
f 1502/1752/1502 1503/1753/1503 1504/1754/1504 
f 1503/1753/1503 1501/1751/1501 1505/1755/1505 
f 1503/1753/1503 1506/1756/1506 1468/1712/1468 
f 1507/1757/1507 1504/1754/1504 1468/1712/1468 
f 1467/1711/1467 1474/1718/1474 1508/1758/1508 
f 1508/1760/1508 1531/1785/1531 1510/1761/1510 
f 1510/1761/1510 1531/1785/1531 1512/1763/1512 
f 1510/1761/1510 1513/1764/1513 1514/1765/1514 
f 1514/1765/1514 1513/1764/1513 1516/1767/1516 
f 1514/1765/1514 1517/1768/1517 1518/1769/1518 
f 1520/1771/1520 1518/1769/1518 1517/1768/1517 
f 1518/1769/1518 1520/1771/1520 1522/1773/1522 
f 1523/1774/1523 1522/1773/1522 1524/1775/1524 
f 1522/1773/1522 1520/1771/1520 1525/1776/1525 
f 1524/1775/1524 1522/1773/1522 1526/1777/1526 
f 1486/1734/1486 1526/1843/1526 1477/1722/1477 
f 1477/1722/1477 1526/1843/1526 1525/1778/1525 
f 1477/1722/1477 1527/1779/1527 1519/1770/1519 
f 1519/1770/1519 1518/1769/1518 1523/1774/1523 
f 1485/1733/1485 1475/1720/1475 1523/1774/1523 
f 1519/1770/1519 1527/1779/1527 1515/1766/1515 
f 1527/1779/1527 1525/1778/1525 1528/1780/1528 
f 1528/1780/1528 1511/1762/1511 1510/1761/1510 
f 1528/1781/1528 1521/1772/1521 1529/1782/1529 
f 1529/1782/1529 1509/1759/1509 1508/1758/1508 
f 1509/1759/1509 1529/1782/1529 1516/1767/1516 
f 1509/1759/1509 1530/1784/1530 1507/1757/1507 
f 1507/1757/1507 1530/1784/1530 1512/1763/1512 
f 1507/1757/1507 1469/1713/1469 1487/1735/1487 
f 1470/1714/1470 1512/1763/1512 1531/1785/1531 
f 1531/1785/1531 1508/1760/1508 1533/1788/1533 
f 1512/1763/1512 1530/1784/1530 1516/1767/1516 
f 1516/1767/1516 1529/1782/1529 1521/1772/1521 
f 1521/1772/1521 1528/1781/1528 1525/1776/1525 
f 1468/1712/1468 1506/1756/1506 1534/1789/1534 
f 1506/1756/1506 1505/1755/1505 1496/1790/1496 
f 1500/1750/1500 1466/1709/1466 1534/1791/1534 
f 1505/1755/1505 1458/1699/1458 1459/1700/1459 
f 1492/1741/1492 1453/1694/1453 1458/1699/1458 
f 1501/1751/1501 1493/1742/1493 1458/1699/1458 
f 1499/1749/1499 1502/1752/1502 1466/1709/1466 
f 1497/1747/1497 1494/1743/1494 1491/1740/1491 
f 1484/1731/1484 1540/1797/1540 1535/1792/1535 
f 1535/1792/1535 1461/1703/1461 1494/1743/1494 
f 1535/1792/1535 1540/1797/1540 1536/1793/1536 
f 1461/1703/1461 1535/1792/1535 1537/1794/1537 
f 1538/1795/1538 1539/1802/1539 1462/1704/1462 
f 1539/1796/1539 1536/1793/1536 1540/1797/1540 
f 1536/1793/1536 1539/1796/1539 1541/1798/1541 
f 1536/1793/1536 1542/1799/1542 1543/1800/1543 
f 1537/1794/1537 1543/1800/1543 1544/1801/1544 
f 1544/1801/1544 1541/1798/1541 1539/1802/1539 
f 1545/1803/1545 1547/1808/1547 1546/1804/1546 
f 1482/1728/1482 1472/1716/1472 1545/1803/1545 
f 1492/1741/1492 1460/1702/1460 1456/1723/1456 
f 1482/1728/1482 1480/1726/1480 1464/1706/1464 
f 1546/1805/1546 1547/1842/1547 1464/1719/1464 
f 1545/1803/1545 1471/1715/1471 1473/1807/1473 
f 1473/1807/1473 1471/1715/1471 1532/1786/1532 
f 1541/1798/1541 1544/1801/1544 1543/1800/1543 
# 2946 faces

